ticker	foundingdate	companyname	date	close	price_reference	matched_price	price_change_percent	ticker_uri	golden_point	golden_momentum	sub_info
VIC	03/05/2002 00:00:00	Tập đoàn Vingroup - Công ty Cổ phần	2020-08-12T00:00:00Z	87.4	105100	105900	0.7611798287345386	https://finance.vietstock.vn/VIC-tap-doan-vingroup-ctcp.htm	+A	Higher	HOSE | Tài chính | Large Cap
VIC	03/05/2002 00:00:00	Tập đoàn Vingroup - Công ty Cổ phần	2020-08-13T00:00:00Z	88	105100	105900	0.7611798287345386	https://finance.vietstock.vn/VIC-tap-doan-vingroup-ctcp.htm	+A	Higher	HOSE | Tài chính | Large Cap
VIC	03/05/2002 00:00:00	Tập đoàn Vingroup - Công ty Cổ phần	2020-08-14T00:00:00Z	87.4	105100	105900	0.7611798287345386	https://finance.vietstock.vn/VIC-tap-doan-vingroup-ctcp.htm	+A	Higher	HOSE | Tài chính | Large Cap
VIC	03/05/2002 00:00:00	Tập đoàn Vingroup - Công ty Cổ phần	2020-08-17T00:00:00Z	87.7	105100	105900	0.7611798287345386	https://finance.vietstock.vn/VIC-tap-doan-vingroup-ctcp.htm	+A	Higher	HOSE | Tài chính | Large Cap
VIC	03/05/2002 00:00:00	Tập đoàn Vingroup - Công ty Cổ phần	2020-08-18T00:00:00Z	86.5	105100	105900	0.7611798287345386	https://finance.vietstock.vn/VIC-tap-doan-vingroup-ctcp.htm	+A	Higher	HOSE | Tài chính | Large Cap
VIC	03/05/2002 00:00:00	Tập đoàn Vingroup - Công ty Cổ phần	2020-08-19T00:00:00Z	86.5	105100	105900	0.7611798287345386	https://finance.vietstock.vn/VIC-tap-doan-vingroup-ctcp.htm	+A	Higher	HOSE | Tài chính | Large Cap
VIC	03/05/2002 00:00:00	Tập đoàn Vingroup - Công ty Cổ phần	2020-08-20T00:00:00Z	86	105100	105900	0.7611798287345386	https://finance.vietstock.vn/VIC-tap-doan-vingroup-ctcp.htm	+A	Higher	HOSE | Tài chính | Large Cap
VIC	03/05/2002 00:00:00	Tập đoàn Vingroup - Công ty Cổ phần	2020-08-21T00:00:00Z	86.1	105100	105900	0.7611798287345386	https://finance.vietstock.vn/VIC-tap-doan-vingroup-ctcp.htm	+A	Higher	HOSE | Tài chính | Large Cap
VIC	03/05/2002 00:00:00	Tập đoàn Vingroup - Công ty Cổ phần	2020-08-24T00:00:00Z	89	105100	105900	0.7611798287345386	https://finance.vietstock.vn/VIC-tap-doan-vingroup-ctcp.htm	+A	Higher	HOSE | Tài chính | Large Cap
VIC	03/05/2002 00:00:00	Tập đoàn Vingroup - Công ty Cổ phần	2020-08-25T00:00:00Z	91	105100	105900	0.7611798287345386	https://finance.vietstock.vn/VIC-tap-doan-vingroup-ctcp.htm	+A	Higher	HOSE | Tài chính | Large Cap
VIC	03/05/2002 00:00:00	Tập đoàn Vingroup - Công ty Cổ phần	2020-08-26T00:00:00Z	91	105100	105900	0.7611798287345386	https://finance.vietstock.vn/VIC-tap-doan-vingroup-ctcp.htm	+A	Higher	HOSE | Tài chính | Large Cap
VIC	03/05/2002 00:00:00	Tập đoàn Vingroup - Công ty Cổ phần	2020-08-27T00:00:00Z	91	105100	105900	0.7611798287345386	https://finance.vietstock.vn/VIC-tap-doan-vingroup-ctcp.htm	+A	Higher	HOSE | Tài chính | Large Cap
VIC	03/05/2002 00:00:00	Tập đoàn Vingroup - Công ty Cổ phần	2020-08-28T00:00:00Z	89.9	105100	105900	0.7611798287345386	https://finance.vietstock.vn/VIC-tap-doan-vingroup-ctcp.htm	+A	Higher	HOSE | Tài chính | Large Cap
VIC	03/05/2002 00:00:00	Tập đoàn Vingroup - Công ty Cổ phần	2020-08-31T00:00:00Z	90	105100	105900	0.7611798287345386	https://finance.vietstock.vn/VIC-tap-doan-vingroup-ctcp.htm	+A	Higher	HOSE | Tài chính | Large Cap
VIC	03/05/2002 00:00:00	Tập đoàn Vingroup - Công ty Cổ phần	2020-09-01T00:00:00Z	92.7	105100	105900	0.7611798287345386	https://finance.vietstock.vn/VIC-tap-doan-vingroup-ctcp.htm	+A	Higher	HOSE | Tài chính | Large Cap
VIC	03/05/2002 00:00:00	Tập đoàn Vingroup - Công ty Cổ phần	2020-09-03T00:00:00Z	94.5	105100	105900	0.7611798287345386	https://finance.vietstock.vn/VIC-tap-doan-vingroup-ctcp.htm	+A	Higher	HOSE | Tài chính | Large Cap
VIC	03/05/2002 00:00:00	Tập đoàn Vingroup - Công ty Cổ phần	2020-09-04T00:00:00Z	94	105100	105900	0.7611798287345386	https://finance.vietstock.vn/VIC-tap-doan-vingroup-ctcp.htm	+A	Higher	HOSE | Tài chính | Large Cap
VIC	03/05/2002 00:00:00	Tập đoàn Vingroup - Công ty Cổ phần	2020-09-07T00:00:00Z	91.5	105100	105900	0.7611798287345386	https://finance.vietstock.vn/VIC-tap-doan-vingroup-ctcp.htm	+A	Higher	HOSE | Tài chính | Large Cap
VIC	03/05/2002 00:00:00	Tập đoàn Vingroup - Công ty Cổ phần	2020-09-08T00:00:00Z	90.5	105100	105900	0.7611798287345386	https://finance.vietstock.vn/VIC-tap-doan-vingroup-ctcp.htm	+A	Higher	HOSE | Tài chính | Large Cap
VIC	03/05/2002 00:00:00	Tập đoàn Vingroup - Công ty Cổ phần	2020-09-09T00:00:00Z	90.5	105100	105900	0.7611798287345386	https://finance.vietstock.vn/VIC-tap-doan-vingroup-ctcp.htm	+A	Higher	HOSE | Tài chính | Large Cap
VIC	03/05/2002 00:00:00	Tập đoàn Vingroup - Công ty Cổ phần	2020-09-10T00:00:00Z	90.5	105100	105900	0.7611798287345386	https://finance.vietstock.vn/VIC-tap-doan-vingroup-ctcp.htm	+A	Higher	HOSE | Tài chính | Large Cap
VIC	03/05/2002 00:00:00	Tập đoàn Vingroup - Công ty Cổ phần	2020-09-11T00:00:00Z	91.1	105100	105900	0.7611798287345386	https://finance.vietstock.vn/VIC-tap-doan-vingroup-ctcp.htm	+A	Higher	HOSE | Tài chính | Large Cap
VIC	03/05/2002 00:00:00	Tập đoàn Vingroup - Công ty Cổ phần	2020-09-14T00:00:00Z	93.1	105100	105900	0.7611798287345386	https://finance.vietstock.vn/VIC-tap-doan-vingroup-ctcp.htm	+A	Higher	HOSE | Tài chính | Large Cap
VIC	03/05/2002 00:00:00	Tập đoàn Vingroup - Công ty Cổ phần	2020-09-15T00:00:00Z	95	105100	105900	0.7611798287345386	https://finance.vietstock.vn/VIC-tap-doan-vingroup-ctcp.htm	+A	Higher	HOSE | Tài chính | Large Cap
VIC	03/05/2002 00:00:00	Tập đoàn Vingroup - Công ty Cổ phần	2020-09-16T00:00:00Z	95.5	105100	105900	0.7611798287345386	https://finance.vietstock.vn/VIC-tap-doan-vingroup-ctcp.htm	+A	Higher	HOSE | Tài chính | Large Cap
VIC	03/05/2002 00:00:00	Tập đoàn Vingroup - Công ty Cổ phần	2020-09-17T00:00:00Z	94	105100	105900	0.7611798287345386	https://finance.vietstock.vn/VIC-tap-doan-vingroup-ctcp.htm	+A	Higher	HOSE | Tài chính | Large Cap
VIC	03/05/2002 00:00:00	Tập đoàn Vingroup - Công ty Cổ phần	2020-09-18T00:00:00Z	94	105100	105900	0.7611798287345386	https://finance.vietstock.vn/VIC-tap-doan-vingroup-ctcp.htm	+A	Higher	HOSE | Tài chính | Large Cap
VIC	03/05/2002 00:00:00	Tập đoàn Vingroup - Công ty Cổ phần	2020-09-21T00:00:00Z	96	105100	105900	0.7611798287345386	https://finance.vietstock.vn/VIC-tap-doan-vingroup-ctcp.htm	+A	Higher	HOSE | Tài chính | Large Cap
VIC	03/05/2002 00:00:00	Tập đoàn Vingroup - Công ty Cổ phần	2020-09-22T00:00:00Z	94.6	105100	105900	0.7611798287345386	https://finance.vietstock.vn/VIC-tap-doan-vingroup-ctcp.htm	+A	Higher	HOSE | Tài chính | Large Cap
VIC	03/05/2002 00:00:00	Tập đoàn Vingroup - Công ty Cổ phần	2020-09-23T00:00:00Z	94.5	105100	105900	0.7611798287345386	https://finance.vietstock.vn/VIC-tap-doan-vingroup-ctcp.htm	+A	Higher	HOSE | Tài chính | Large Cap
VIC	03/05/2002 00:00:00	Tập đoàn Vingroup - Công ty Cổ phần	2020-09-24T00:00:00Z	93	105100	105900	0.7611798287345386	https://finance.vietstock.vn/VIC-tap-doan-vingroup-ctcp.htm	+A	Higher	HOSE | Tài chính | Large Cap
VIC	03/05/2002 00:00:00	Tập đoàn Vingroup - Công ty Cổ phần	2020-09-25T00:00:00Z	92.8	105100	105900	0.7611798287345386	https://finance.vietstock.vn/VIC-tap-doan-vingroup-ctcp.htm	+A	Higher	HOSE | Tài chính | Large Cap
VIC	03/05/2002 00:00:00	Tập đoàn Vingroup - Công ty Cổ phần	2020-09-28T00:00:00Z	92.8	105100	105900	0.7611798287345386	https://finance.vietstock.vn/VIC-tap-doan-vingroup-ctcp.htm	+A	Higher	HOSE | Tài chính | Large Cap
VIC	03/05/2002 00:00:00	Tập đoàn Vingroup - Công ty Cổ phần	2020-09-29T00:00:00Z	91.5	105100	105900	0.7611798287345386	https://finance.vietstock.vn/VIC-tap-doan-vingroup-ctcp.htm	+A	Higher	HOSE | Tài chính | Large Cap
VIC	03/05/2002 00:00:00	Tập đoàn Vingroup - Công ty Cổ phần	2020-09-30T00:00:00Z	91.5	105100	105900	0.7611798287345386	https://finance.vietstock.vn/VIC-tap-doan-vingroup-ctcp.htm	+A	Higher	HOSE | Tài chính | Large Cap
VIC	03/05/2002 00:00:00	Tập đoàn Vingroup - Công ty Cổ phần	2020-10-01T00:00:00Z	92.5	105100	105900	0.7611798287345386	https://finance.vietstock.vn/VIC-tap-doan-vingroup-ctcp.htm	+A	Higher	HOSE | Tài chính | Large Cap
VIC	03/05/2002 00:00:00	Tập đoàn Vingroup - Công ty Cổ phần	2020-10-02T00:00:00Z	94	105100	105900	0.7611798287345386	https://finance.vietstock.vn/VIC-tap-doan-vingroup-ctcp.htm	+A	Higher	HOSE | Tài chính | Large Cap
VIC	03/05/2002 00:00:00	Tập đoàn Vingroup - Công ty Cổ phần	2020-10-05T00:00:00Z	93.3	105100	105900	0.7611798287345386	https://finance.vietstock.vn/VIC-tap-doan-vingroup-ctcp.htm	+A	Higher	HOSE | Tài chính | Large Cap
VIC	03/05/2002 00:00:00	Tập đoàn Vingroup - Công ty Cổ phần	2020-10-06T00:00:00Z	91.8	105100	105900	0.7611798287345386	https://finance.vietstock.vn/VIC-tap-doan-vingroup-ctcp.htm	+A	Higher	HOSE | Tài chính | Large Cap
VIC	03/05/2002 00:00:00	Tập đoàn Vingroup - Công ty Cổ phần	2020-10-07T00:00:00Z	92.5	105100	105900	0.7611798287345386	https://finance.vietstock.vn/VIC-tap-doan-vingroup-ctcp.htm	+A	Higher	HOSE | Tài chính | Large Cap
VIC	03/05/2002 00:00:00	Tập đoàn Vingroup - Công ty Cổ phần	2020-10-08T00:00:00Z	92.3	105100	105900	0.7611798287345386	https://finance.vietstock.vn/VIC-tap-doan-vingroup-ctcp.htm	+A	Higher	HOSE | Tài chính | Large Cap
VIC	03/05/2002 00:00:00	Tập đoàn Vingroup - Công ty Cổ phần	2020-10-09T00:00:00Z	93.6	105100	105900	0.7611798287345386	https://finance.vietstock.vn/VIC-tap-doan-vingroup-ctcp.htm	+A	Higher	HOSE | Tài chính | Large Cap
VIC	03/05/2002 00:00:00	Tập đoàn Vingroup - Công ty Cổ phần	2020-10-12T00:00:00Z	93.9	105100	105900	0.7611798287345386	https://finance.vietstock.vn/VIC-tap-doan-vingroup-ctcp.htm	+A	Higher	HOSE | Tài chính | Large Cap
VIC	03/05/2002 00:00:00	Tập đoàn Vingroup - Công ty Cổ phần	2020-10-13T00:00:00Z	94.1	105100	105900	0.7611798287345386	https://finance.vietstock.vn/VIC-tap-doan-vingroup-ctcp.htm	+A	Higher	HOSE | Tài chính | Large Cap
VIC	03/05/2002 00:00:00	Tập đoàn Vingroup - Công ty Cổ phần	2020-10-14T00:00:00Z	95	105100	105900	0.7611798287345386	https://finance.vietstock.vn/VIC-tap-doan-vingroup-ctcp.htm	+A	Higher	HOSE | Tài chính | Large Cap
VIC	03/05/2002 00:00:00	Tập đoàn Vingroup - Công ty Cổ phần	2020-10-15T00:00:00Z	97.5	105100	105900	0.7611798287345386	https://finance.vietstock.vn/VIC-tap-doan-vingroup-ctcp.htm	+A	Higher	HOSE | Tài chính | Large Cap
VIC	03/05/2002 00:00:00	Tập đoàn Vingroup - Công ty Cổ phần	2020-10-16T00:00:00Z	97.6	105100	105900	0.7611798287345386	https://finance.vietstock.vn/VIC-tap-doan-vingroup-ctcp.htm	+A	Higher	HOSE | Tài chính | Large Cap
VIC	03/05/2002 00:00:00	Tập đoàn Vingroup - Công ty Cổ phần	2020-10-19T00:00:00Z	97.7	105100	105900	0.7611798287345386	https://finance.vietstock.vn/VIC-tap-doan-vingroup-ctcp.htm	+A	Higher	HOSE | Tài chính | Large Cap
VIC	03/05/2002 00:00:00	Tập đoàn Vingroup - Công ty Cổ phần	2020-10-20T00:00:00Z	97.8	105100	105900	0.7611798287345386	https://finance.vietstock.vn/VIC-tap-doan-vingroup-ctcp.htm	+A	Higher	HOSE | Tài chính | Large Cap
VIC	03/05/2002 00:00:00	Tập đoàn Vingroup - Công ty Cổ phần	2020-10-21T00:00:00Z	97.3	105100	105900	0.7611798287345386	https://finance.vietstock.vn/VIC-tap-doan-vingroup-ctcp.htm	+A	Higher	HOSE | Tài chính | Large Cap
VIC	03/05/2002 00:00:00	Tập đoàn Vingroup - Công ty Cổ phần	2020-10-22T00:00:00Z	100.1	105100	105900	0.7611798287345386	https://finance.vietstock.vn/VIC-tap-doan-vingroup-ctcp.htm	+A	Higher	HOSE | Tài chính | Large Cap
VIC	03/05/2002 00:00:00	Tập đoàn Vingroup - Công ty Cổ phần	2020-10-23T00:00:00Z	104	105100	105900	0.7611798287345386	https://finance.vietstock.vn/VIC-tap-doan-vingroup-ctcp.htm	+A	Higher	HOSE | Tài chính | Large Cap
VIC	03/05/2002 00:00:00	Tập đoàn Vingroup - Công ty Cổ phần	2020-10-26T00:00:00Z	105.1	105100	105900	0.7611798287345386	https://finance.vietstock.vn/VIC-tap-doan-vingroup-ctcp.htm	+A	Higher	HOSE | Tài chính | Large Cap
VIC	03/05/2002 00:00:00	Tập đoàn Vingroup - Công ty Cổ phần	2020-10-27T00:00:00Z	105.7	105100	105900	0.7611798287345386	https://finance.vietstock.vn/VIC-tap-doan-vingroup-ctcp.htm	+A	Higher	HOSE | Tài chính | Large Cap
VIC	03/05/2002 00:00:00	Tập đoàn Vingroup - Công ty Cổ phần	2020-10-28T00:00:00Z	100.2	105100	105900	0.7611798287345386	https://finance.vietstock.vn/VIC-tap-doan-vingroup-ctcp.htm	+A	Higher	HOSE | Tài chính | Large Cap
VIC	03/05/2002 00:00:00	Tập đoàn Vingroup - Công ty Cổ phần	2020-10-29T00:00:00Z	100.7	105100	105900	0.7611798287345386	https://finance.vietstock.vn/VIC-tap-doan-vingroup-ctcp.htm	+A	Higher	HOSE | Tài chính | Large Cap
VIC	03/05/2002 00:00:00	Tập đoàn Vingroup - Công ty Cổ phần	2020-10-30T00:00:00Z	106.5	105100	105900	0.7611798287345386	https://finance.vietstock.vn/VIC-tap-doan-vingroup-ctcp.htm	+A	Higher	HOSE | Tài chính | Large Cap
VIC	03/05/2002 00:00:00	Tập đoàn Vingroup - Công ty Cổ phần	2020-11-02T00:00:00Z	106.5	105100	105900	0.7611798287345386	https://finance.vietstock.vn/VIC-tap-doan-vingroup-ctcp.htm	+A	Higher	HOSE | Tài chính | Large Cap
VIC	03/05/2002 00:00:00	Tập đoàn Vingroup - Công ty Cổ phần	2020-11-03T00:00:00Z	104.4	105100	105900	0.7611798287345386	https://finance.vietstock.vn/VIC-tap-doan-vingroup-ctcp.htm	+A	Higher	HOSE | Tài chính | Large Cap
VIC	03/05/2002 00:00:00	Tập đoàn Vingroup - Công ty Cổ phần	2020-11-04T00:00:00Z	103.5	105100	105900	0.7611798287345386	https://finance.vietstock.vn/VIC-tap-doan-vingroup-ctcp.htm	+A	Higher	HOSE | Tài chính | Large Cap
VIC	03/05/2002 00:00:00	Tập đoàn Vingroup - Công ty Cổ phần	2020-11-05T00:00:00Z	105.9	105100	105900	0.7611798287345386	https://finance.vietstock.vn/VIC-tap-doan-vingroup-ctcp.htm	+A	Higher	HOSE | Tài chính | Large Cap
VIC	03/05/2002 00:00:00	Tập đoàn Vingroup - Công ty Cổ phần	2020-11-06T00:00:00Z	105.1	105100	105900	0.7611798287345386	https://finance.vietstock.vn/VIC-tap-doan-vingroup-ctcp.htm	+A	Higher	HOSE | Tài chính | Large Cap
VIC	03/05/2002 00:00:00	Tập đoàn Vingroup - Công ty Cổ phần	2020-11-09T00:00:00Z	106.1	105100	105900	0.7611798287345386	https://finance.vietstock.vn/VIC-tap-doan-vingroup-ctcp.htm	+A	Higher	HOSE | Tài chính | Large Cap
VIC	03/05/2002 00:00:00	Tập đoàn Vingroup - Công ty Cổ phần	2020-11-10T00:00:00Z	105.6	105100	105900	0.7611798287345386	https://finance.vietstock.vn/VIC-tap-doan-vingroup-ctcp.htm	+A	Higher	HOSE | Tài chính | Large Cap
KSB	13/01/1993 13:51:00	Công ty Cổ phần Khoáng sản và Xây dựng Bình Dương	2020-08-12T00:00:00Z	24.2	24550	25350	3.2586558044806515	https://finance.vietstock.vn/KSB-ctcp-khoang-san-va-xay-dung-binh-duong.htm	+A	Higher	HOSE | Nguyên vật liệu | Large Cap
KSB	13/01/1993 13:51:00	Công ty Cổ phần Khoáng sản và Xây dựng Bình Dương	2020-08-13T00:00:00Z	25.85	24550	25350	3.2586558044806515	https://finance.vietstock.vn/KSB-ctcp-khoang-san-va-xay-dung-binh-duong.htm	+A	Higher	HOSE | Nguyên vật liệu | Large Cap
KSB	13/01/1993 13:51:00	Công ty Cổ phần Khoáng sản và Xây dựng Bình Dương	2020-08-14T00:00:00Z	26.45	24550	25350	3.2586558044806515	https://finance.vietstock.vn/KSB-ctcp-khoang-san-va-xay-dung-binh-duong.htm	+A	Higher	HOSE | Nguyên vật liệu | Large Cap
KSB	13/01/1993 13:51:00	Công ty Cổ phần Khoáng sản và Xây dựng Bình Dương	2020-08-17T00:00:00Z	26.55	24550	25350	3.2586558044806515	https://finance.vietstock.vn/KSB-ctcp-khoang-san-va-xay-dung-binh-duong.htm	+A	Higher	HOSE | Nguyên vật liệu | Large Cap
KSB	13/01/1993 13:51:00	Công ty Cổ phần Khoáng sản và Xây dựng Bình Dương	2020-08-18T00:00:00Z	26.55	24550	25350	3.2586558044806515	https://finance.vietstock.vn/KSB-ctcp-khoang-san-va-xay-dung-binh-duong.htm	+A	Higher	HOSE | Nguyên vật liệu | Large Cap
KSB	13/01/1993 13:51:00	Công ty Cổ phần Khoáng sản và Xây dựng Bình Dương	2020-08-19T00:00:00Z	26.8	24550	25350	3.2586558044806515	https://finance.vietstock.vn/KSB-ctcp-khoang-san-va-xay-dung-binh-duong.htm	+A	Higher	HOSE | Nguyên vật liệu | Large Cap
KSB	13/01/1993 13:51:00	Công ty Cổ phần Khoáng sản và Xây dựng Bình Dương	2020-08-20T00:00:00Z	26.5	24550	25350	3.2586558044806515	https://finance.vietstock.vn/KSB-ctcp-khoang-san-va-xay-dung-binh-duong.htm	+A	Higher	HOSE | Nguyên vật liệu | Large Cap
KSB	13/01/1993 13:51:00	Công ty Cổ phần Khoáng sản và Xây dựng Bình Dương	2020-08-21T00:00:00Z	27.85	24550	25350	3.2586558044806515	https://finance.vietstock.vn/KSB-ctcp-khoang-san-va-xay-dung-binh-duong.htm	+A	Higher	HOSE | Nguyên vật liệu | Large Cap
KSB	13/01/1993 13:51:00	Công ty Cổ phần Khoáng sản và Xây dựng Bình Dương	2020-08-24T00:00:00Z	28.3	24550	25350	3.2586558044806515	https://finance.vietstock.vn/KSB-ctcp-khoang-san-va-xay-dung-binh-duong.htm	+A	Higher	HOSE | Nguyên vật liệu | Large Cap
KSB	13/01/1993 13:51:00	Công ty Cổ phần Khoáng sản và Xây dựng Bình Dương	2020-08-25T00:00:00Z	28.05	24550	25350	3.2586558044806515	https://finance.vietstock.vn/KSB-ctcp-khoang-san-va-xay-dung-binh-duong.htm	+A	Higher	HOSE | Nguyên vật liệu | Large Cap
KSB	13/01/1993 13:51:00	Công ty Cổ phần Khoáng sản và Xây dựng Bình Dương	2020-08-26T00:00:00Z	28	24550	25350	3.2586558044806515	https://finance.vietstock.vn/KSB-ctcp-khoang-san-va-xay-dung-binh-duong.htm	+A	Higher	HOSE | Nguyên vật liệu | Large Cap
KSB	13/01/1993 13:51:00	Công ty Cổ phần Khoáng sản và Xây dựng Bình Dương	2020-08-27T00:00:00Z	28.65	24550	25350	3.2586558044806515	https://finance.vietstock.vn/KSB-ctcp-khoang-san-va-xay-dung-binh-duong.htm	+A	Higher	HOSE | Nguyên vật liệu | Large Cap
KSB	13/01/1993 13:51:00	Công ty Cổ phần Khoáng sản và Xây dựng Bình Dương	2020-08-28T00:00:00Z	27.7	24550	25350	3.2586558044806515	https://finance.vietstock.vn/KSB-ctcp-khoang-san-va-xay-dung-binh-duong.htm	+A	Higher	HOSE | Nguyên vật liệu | Large Cap
KSB	13/01/1993 13:51:00	Công ty Cổ phần Khoáng sản và Xây dựng Bình Dương	2020-08-31T00:00:00Z	27	24550	25350	3.2586558044806515	https://finance.vietstock.vn/KSB-ctcp-khoang-san-va-xay-dung-binh-duong.htm	+A	Higher	HOSE | Nguyên vật liệu | Large Cap
KSB	13/01/1993 13:51:00	Công ty Cổ phần Khoáng sản và Xây dựng Bình Dương	2020-09-01T00:00:00Z	27.95	24550	25350	3.2586558044806515	https://finance.vietstock.vn/KSB-ctcp-khoang-san-va-xay-dung-binh-duong.htm	+A	Higher	HOSE | Nguyên vật liệu | Large Cap
KSB	13/01/1993 13:51:00	Công ty Cổ phần Khoáng sản và Xây dựng Bình Dương	2020-09-03T00:00:00Z	27.6	24550	25350	3.2586558044806515	https://finance.vietstock.vn/KSB-ctcp-khoang-san-va-xay-dung-binh-duong.htm	+A	Higher	HOSE | Nguyên vật liệu | Large Cap
KSB	13/01/1993 13:51:00	Công ty Cổ phần Khoáng sản và Xây dựng Bình Dương	2020-09-04T00:00:00Z	28.4	24550	25350	3.2586558044806515	https://finance.vietstock.vn/KSB-ctcp-khoang-san-va-xay-dung-binh-duong.htm	+A	Higher	HOSE | Nguyên vật liệu | Large Cap
KSB	13/01/1993 13:51:00	Công ty Cổ phần Khoáng sản và Xây dựng Bình Dương	2020-09-07T00:00:00Z	29.45	24550	25350	3.2586558044806515	https://finance.vietstock.vn/KSB-ctcp-khoang-san-va-xay-dung-binh-duong.htm	+A	Higher	HOSE | Nguyên vật liệu | Large Cap
KSB	13/01/1993 13:51:00	Công ty Cổ phần Khoáng sản và Xây dựng Bình Dương	2020-09-08T00:00:00Z	29.8	24550	25350	3.2586558044806515	https://finance.vietstock.vn/KSB-ctcp-khoang-san-va-xay-dung-binh-duong.htm	+A	Higher	HOSE | Nguyên vật liệu | Large Cap
KSB	13/01/1993 13:51:00	Công ty Cổ phần Khoáng sản và Xây dựng Bình Dương	2020-09-09T00:00:00Z	30.5	24550	25350	3.2586558044806515	https://finance.vietstock.vn/KSB-ctcp-khoang-san-va-xay-dung-binh-duong.htm	+A	Higher	HOSE | Nguyên vật liệu | Large Cap
KSB	13/01/1993 13:51:00	Công ty Cổ phần Khoáng sản và Xây dựng Bình Dương	2020-09-10T00:00:00Z	29.8	24550	25350	3.2586558044806515	https://finance.vietstock.vn/KSB-ctcp-khoang-san-va-xay-dung-binh-duong.htm	+A	Higher	HOSE | Nguyên vật liệu | Large Cap
KSB	13/01/1993 13:51:00	Công ty Cổ phần Khoáng sản và Xây dựng Bình Dương	2020-09-11T00:00:00Z	29.9	24550	25350	3.2586558044806515	https://finance.vietstock.vn/KSB-ctcp-khoang-san-va-xay-dung-binh-duong.htm	+A	Higher	HOSE | Nguyên vật liệu | Large Cap
KSB	13/01/1993 13:51:00	Công ty Cổ phần Khoáng sản và Xây dựng Bình Dương	2020-09-14T00:00:00Z	31	24550	25350	3.2586558044806515	https://finance.vietstock.vn/KSB-ctcp-khoang-san-va-xay-dung-binh-duong.htm	+A	Higher	HOSE | Nguyên vật liệu | Large Cap
KSB	13/01/1993 13:51:00	Công ty Cổ phần Khoáng sản và Xây dựng Bình Dương	2020-09-15T00:00:00Z	30.6	24550	25350	3.2586558044806515	https://finance.vietstock.vn/KSB-ctcp-khoang-san-va-xay-dung-binh-duong.htm	+A	Higher	HOSE | Nguyên vật liệu | Large Cap
KSB	13/01/1993 13:51:00	Công ty Cổ phần Khoáng sản và Xây dựng Bình Dương	2020-09-16T00:00:00Z	30.65	24550	25350	3.2586558044806515	https://finance.vietstock.vn/KSB-ctcp-khoang-san-va-xay-dung-binh-duong.htm	+A	Higher	HOSE | Nguyên vật liệu | Large Cap
KSB	13/01/1993 13:51:00	Công ty Cổ phần Khoáng sản và Xây dựng Bình Dương	2020-09-17T00:00:00Z	30.5	24550	25350	3.2586558044806515	https://finance.vietstock.vn/KSB-ctcp-khoang-san-va-xay-dung-binh-duong.htm	+A	Higher	HOSE | Nguyên vật liệu | Large Cap
KSB	13/01/1993 13:51:00	Công ty Cổ phần Khoáng sản và Xây dựng Bình Dương	2020-09-18T00:00:00Z	31.3	24550	25350	3.2586558044806515	https://finance.vietstock.vn/KSB-ctcp-khoang-san-va-xay-dung-binh-duong.htm	+A	Higher	HOSE | Nguyên vật liệu | Large Cap
KSB	13/01/1993 13:51:00	Công ty Cổ phần Khoáng sản và Xây dựng Bình Dương	2020-09-21T00:00:00Z	30.8	24550	25350	3.2586558044806515	https://finance.vietstock.vn/KSB-ctcp-khoang-san-va-xay-dung-binh-duong.htm	+A	Higher	HOSE | Nguyên vật liệu | Large Cap
KSB	13/01/1993 13:51:00	Công ty Cổ phần Khoáng sản và Xây dựng Bình Dương	2020-09-22T00:00:00Z	30.15	24550	25350	3.2586558044806515	https://finance.vietstock.vn/KSB-ctcp-khoang-san-va-xay-dung-binh-duong.htm	+A	Higher	HOSE | Nguyên vật liệu | Large Cap
KSB	13/01/1993 13:51:00	Công ty Cổ phần Khoáng sản và Xây dựng Bình Dương	2020-09-23T00:00:00Z	31.2	24550	25350	3.2586558044806515	https://finance.vietstock.vn/KSB-ctcp-khoang-san-va-xay-dung-binh-duong.htm	+A	Higher	HOSE | Nguyên vật liệu | Large Cap
KSB	13/01/1993 13:51:00	Công ty Cổ phần Khoáng sản và Xây dựng Bình Dương	2020-09-24T00:00:00Z	30.75	24550	25350	3.2586558044806515	https://finance.vietstock.vn/KSB-ctcp-khoang-san-va-xay-dung-binh-duong.htm	+A	Higher	HOSE | Nguyên vật liệu | Large Cap
KSB	13/01/1993 13:51:00	Công ty Cổ phần Khoáng sản và Xây dựng Bình Dương	2020-09-25T00:00:00Z	30.65	24550	25350	3.2586558044806515	https://finance.vietstock.vn/KSB-ctcp-khoang-san-va-xay-dung-binh-duong.htm	+A	Higher	HOSE | Nguyên vật liệu | Large Cap
KSB	13/01/1993 13:51:00	Công ty Cổ phần Khoáng sản và Xây dựng Bình Dương	2020-09-28T00:00:00Z	30.6	24550	25350	3.2586558044806515	https://finance.vietstock.vn/KSB-ctcp-khoang-san-va-xay-dung-binh-duong.htm	+A	Higher	HOSE | Nguyên vật liệu | Large Cap
KSB	13/01/1993 13:51:00	Công ty Cổ phần Khoáng sản và Xây dựng Bình Dương	2020-09-29T00:00:00Z	30.05	24550	25350	3.2586558044806515	https://finance.vietstock.vn/KSB-ctcp-khoang-san-va-xay-dung-binh-duong.htm	+A	Higher	HOSE | Nguyên vật liệu | Large Cap
KSB	13/01/1993 13:51:00	Công ty Cổ phần Khoáng sản và Xây dựng Bình Dương	2020-09-30T00:00:00Z	30.35	24550	25350	3.2586558044806515	https://finance.vietstock.vn/KSB-ctcp-khoang-san-va-xay-dung-binh-duong.htm	+A	Higher	HOSE | Nguyên vật liệu | Large Cap
KSB	13/01/1993 13:51:00	Công ty Cổ phần Khoáng sản và Xây dựng Bình Dương	2020-10-01T00:00:00Z	30.5	24550	25350	3.2586558044806515	https://finance.vietstock.vn/KSB-ctcp-khoang-san-va-xay-dung-binh-duong.htm	+A	Higher	HOSE | Nguyên vật liệu | Large Cap
KSB	13/01/1993 13:51:00	Công ty Cổ phần Khoáng sản và Xây dựng Bình Dương	2020-10-02T00:00:00Z	31.1	24550	25350	3.2586558044806515	https://finance.vietstock.vn/KSB-ctcp-khoang-san-va-xay-dung-binh-duong.htm	+A	Higher	HOSE | Nguyên vật liệu | Large Cap
KSB	13/01/1993 13:51:00	Công ty Cổ phần Khoáng sản và Xây dựng Bình Dương	2020-10-05T00:00:00Z	32.75	24550	25350	3.2586558044806515	https://finance.vietstock.vn/KSB-ctcp-khoang-san-va-xay-dung-binh-duong.htm	+A	Higher	HOSE | Nguyên vật liệu | Large Cap
KSB	13/01/1993 13:51:00	Công ty Cổ phần Khoáng sản và Xây dựng Bình Dương	2020-10-06T00:00:00Z	32.45	24550	25350	3.2586558044806515	https://finance.vietstock.vn/KSB-ctcp-khoang-san-va-xay-dung-binh-duong.htm	+A	Higher	HOSE | Nguyên vật liệu | Large Cap
KSB	13/01/1993 13:51:00	Công ty Cổ phần Khoáng sản và Xây dựng Bình Dương	2020-10-07T00:00:00Z	31.9	24550	25350	3.2586558044806515	https://finance.vietstock.vn/KSB-ctcp-khoang-san-va-xay-dung-binh-duong.htm	+A	Higher	HOSE | Nguyên vật liệu | Large Cap
KSB	13/01/1993 13:51:00	Công ty Cổ phần Khoáng sản và Xây dựng Bình Dương	2020-10-08T00:00:00Z	31	24550	25350	3.2586558044806515	https://finance.vietstock.vn/KSB-ctcp-khoang-san-va-xay-dung-binh-duong.htm	+A	Higher	HOSE | Nguyên vật liệu | Large Cap
KSB	13/01/1993 13:51:00	Công ty Cổ phần Khoáng sản và Xây dựng Bình Dương	2020-10-09T00:00:00Z	31.2	24550	25350	3.2586558044806515	https://finance.vietstock.vn/KSB-ctcp-khoang-san-va-xay-dung-binh-duong.htm	+A	Higher	HOSE | Nguyên vật liệu | Large Cap
KSB	13/01/1993 13:51:00	Công ty Cổ phần Khoáng sản và Xây dựng Bình Dương	2020-10-12T00:00:00Z	30.35	24550	25350	3.2586558044806515	https://finance.vietstock.vn/KSB-ctcp-khoang-san-va-xay-dung-binh-duong.htm	+A	Higher	HOSE | Nguyên vật liệu | Large Cap
KSB	13/01/1993 13:51:00	Công ty Cổ phần Khoáng sản và Xây dựng Bình Dương	2020-10-13T00:00:00Z	30	24550	25350	3.2586558044806515	https://finance.vietstock.vn/KSB-ctcp-khoang-san-va-xay-dung-binh-duong.htm	+A	Higher	HOSE | Nguyên vật liệu | Large Cap
KSB	13/01/1993 13:51:00	Công ty Cổ phần Khoáng sản và Xây dựng Bình Dương	2020-10-14T00:00:00Z	30.95	24550	25350	3.2586558044806515	https://finance.vietstock.vn/KSB-ctcp-khoang-san-va-xay-dung-binh-duong.htm	+A	Higher	HOSE | Nguyên vật liệu | Large Cap
KSB	13/01/1993 13:51:00	Công ty Cổ phần Khoáng sản và Xây dựng Bình Dương	2020-10-15T00:00:00Z	30.25	24550	25350	3.2586558044806515	https://finance.vietstock.vn/KSB-ctcp-khoang-san-va-xay-dung-binh-duong.htm	+A	Higher	HOSE | Nguyên vật liệu | Large Cap
KSB	13/01/1993 13:51:00	Công ty Cổ phần Khoáng sản và Xây dựng Bình Dương	2020-10-16T00:00:00Z	31	24550	25350	3.2586558044806515	https://finance.vietstock.vn/KSB-ctcp-khoang-san-va-xay-dung-binh-duong.htm	+A	Higher	HOSE | Nguyên vật liệu | Large Cap
KSB	13/01/1993 13:51:00	Công ty Cổ phần Khoáng sản và Xây dựng Bình Dương	2020-10-19T00:00:00Z	31.6	24550	25350	3.2586558044806515	https://finance.vietstock.vn/KSB-ctcp-khoang-san-va-xay-dung-binh-duong.htm	+A	Higher	HOSE | Nguyên vật liệu | Large Cap
KSB	13/01/1993 13:51:00	Công ty Cổ phần Khoáng sản và Xây dựng Bình Dương	2020-10-20T00:00:00Z	31.3	24550	25350	3.2586558044806515	https://finance.vietstock.vn/KSB-ctcp-khoang-san-va-xay-dung-binh-duong.htm	+A	Higher	HOSE | Nguyên vật liệu | Large Cap
KSB	13/01/1993 13:51:00	Công ty Cổ phần Khoáng sản và Xây dựng Bình Dương	2020-10-21T00:00:00Z	30.1	24550	25350	3.2586558044806515	https://finance.vietstock.vn/KSB-ctcp-khoang-san-va-xay-dung-binh-duong.htm	+A	Higher	HOSE | Nguyên vật liệu | Large Cap
KSB	13/01/1993 13:51:00	Công ty Cổ phần Khoáng sản và Xây dựng Bình Dương	2020-10-22T00:00:00Z	30.3	24550	25350	3.2586558044806515	https://finance.vietstock.vn/KSB-ctcp-khoang-san-va-xay-dung-binh-duong.htm	+A	Higher	HOSE | Nguyên vật liệu | Large Cap
KSB	13/01/1993 13:51:00	Công ty Cổ phần Khoáng sản và Xây dựng Bình Dương	2020-10-23T00:00:00Z	30.35	24550	25350	3.2586558044806515	https://finance.vietstock.vn/KSB-ctcp-khoang-san-va-xay-dung-binh-duong.htm	+A	Higher	HOSE | Nguyên vật liệu | Large Cap
KSB	13/01/1993 13:51:00	Công ty Cổ phần Khoáng sản và Xây dựng Bình Dương	2020-10-26T00:00:00Z	28.8	24550	25350	3.2586558044806515	https://finance.vietstock.vn/KSB-ctcp-khoang-san-va-xay-dung-binh-duong.htm	+A	Higher	HOSE | Nguyên vật liệu | Large Cap
KSB	13/01/1993 13:51:00	Công ty Cổ phần Khoáng sản và Xây dựng Bình Dương	2020-10-27T00:00:00Z	24	24550	25350	3.2586558044806515	https://finance.vietstock.vn/KSB-ctcp-khoang-san-va-xay-dung-binh-duong.htm	+A	Higher	HOSE | Nguyên vật liệu | Large Cap
KSB	13/01/1993 13:51:00	Công ty Cổ phần Khoáng sản và Xây dựng Bình Dương	2020-10-28T00:00:00Z	22.35	24550	25350	3.2586558044806515	https://finance.vietstock.vn/KSB-ctcp-khoang-san-va-xay-dung-binh-duong.htm	+A	Higher	HOSE | Nguyên vật liệu | Large Cap
KSB	13/01/1993 13:51:00	Công ty Cổ phần Khoáng sản và Xây dựng Bình Dương	2020-10-29T00:00:00Z	22.85	24550	25350	3.2586558044806515	https://finance.vietstock.vn/KSB-ctcp-khoang-san-va-xay-dung-binh-duong.htm	+A	Higher	HOSE | Nguyên vật liệu | Large Cap
KSB	13/01/1993 13:51:00	Công ty Cổ phần Khoáng sản và Xây dựng Bình Dương	2020-10-30T00:00:00Z	22.9	24550	25350	3.2586558044806515	https://finance.vietstock.vn/KSB-ctcp-khoang-san-va-xay-dung-binh-duong.htm	+A	Higher	HOSE | Nguyên vật liệu | Large Cap
KSB	13/01/1993 13:51:00	Công ty Cổ phần Khoáng sản và Xây dựng Bình Dương	2020-11-02T00:00:00Z	22.9	24550	25350	3.2586558044806515	https://finance.vietstock.vn/KSB-ctcp-khoang-san-va-xay-dung-binh-duong.htm	+A	Higher	HOSE | Nguyên vật liệu | Large Cap
KSB	13/01/1993 13:51:00	Công ty Cổ phần Khoáng sản và Xây dựng Bình Dương	2020-11-03T00:00:00Z	23.65	24550	25350	3.2586558044806515	https://finance.vietstock.vn/KSB-ctcp-khoang-san-va-xay-dung-binh-duong.htm	+A	Higher	HOSE | Nguyên vật liệu | Large Cap
KSB	13/01/1993 13:51:00	Công ty Cổ phần Khoáng sản và Xây dựng Bình Dương	2020-11-04T00:00:00Z	25	24550	25350	3.2586558044806515	https://finance.vietstock.vn/KSB-ctcp-khoang-san-va-xay-dung-binh-duong.htm	+A	Higher	HOSE | Nguyên vật liệu | Large Cap
KSB	13/01/1993 13:51:00	Công ty Cổ phần Khoáng sản và Xây dựng Bình Dương	2020-11-05T00:00:00Z	24.55	24550	25350	3.2586558044806515	https://finance.vietstock.vn/KSB-ctcp-khoang-san-va-xay-dung-binh-duong.htm	+A	Higher	HOSE | Nguyên vật liệu | Large Cap
KSB	13/01/1993 13:51:00	Công ty Cổ phần Khoáng sản và Xây dựng Bình Dương	2020-11-06T00:00:00Z	24.55	24550	25350	3.2586558044806515	https://finance.vietstock.vn/KSB-ctcp-khoang-san-va-xay-dung-binh-duong.htm	+A	Higher	HOSE | Nguyên vật liệu | Large Cap
KSB	13/01/1993 13:51:00	Công ty Cổ phần Khoáng sản và Xây dựng Bình Dương	2020-11-09T00:00:00Z	25.8	24550	25350	3.2586558044806515	https://finance.vietstock.vn/KSB-ctcp-khoang-san-va-xay-dung-binh-duong.htm	+A	Higher	HOSE | Nguyên vật liệu | Large Cap
KSB	13/01/1993 13:51:00	Công ty Cổ phần Khoáng sản và Xây dựng Bình Dương	2020-11-10T00:00:00Z	25.4	24550	25350	3.2586558044806515	https://finance.vietstock.vn/KSB-ctcp-khoang-san-va-xay-dung-binh-duong.htm	+A	Higher	HOSE | Nguyên vật liệu | Large Cap
HPG	26/10/2001 00:00:00	Công ty Cổ phần Tập đoàn Hòa Phát	2020-08-12T00:00:00Z	24.3	30400	31250	2.7960526315789473	https://finance.vietstock.vn/HPG-ctcp-tap-doan-hoa-phat.htm	+A	Higher	HOSE | Nguyên vật liệu | Large Cap
HPG	26/10/2001 00:00:00	Công ty Cổ phần Tập đoàn Hòa Phát	2020-08-13T00:00:00Z	24.5	30400	31250	2.7960526315789473	https://finance.vietstock.vn/HPG-ctcp-tap-doan-hoa-phat.htm	+A	Higher	HOSE | Nguyên vật liệu | Large Cap
HPG	26/10/2001 00:00:00	Công ty Cổ phần Tập đoàn Hòa Phát	2020-08-14T00:00:00Z	24.1	30400	31250	2.7960526315789473	https://finance.vietstock.vn/HPG-ctcp-tap-doan-hoa-phat.htm	+A	Higher	HOSE | Nguyên vật liệu | Large Cap
HPG	26/10/2001 00:00:00	Công ty Cổ phần Tập đoàn Hòa Phát	2020-08-17T00:00:00Z	24.3	30400	31250	2.7960526315789473	https://finance.vietstock.vn/HPG-ctcp-tap-doan-hoa-phat.htm	+A	Higher	HOSE | Nguyên vật liệu | Large Cap
HPG	26/10/2001 00:00:00	Công ty Cổ phần Tập đoàn Hòa Phát	2020-08-18T00:00:00Z	24.15	30400	31250	2.7960526315789473	https://finance.vietstock.vn/HPG-ctcp-tap-doan-hoa-phat.htm	+A	Higher	HOSE | Nguyên vật liệu | Large Cap
HPG	26/10/2001 00:00:00	Công ty Cổ phần Tập đoàn Hòa Phát	2020-08-19T00:00:00Z	24.25	30400	31250	2.7960526315789473	https://finance.vietstock.vn/HPG-ctcp-tap-doan-hoa-phat.htm	+A	Higher	HOSE | Nguyên vật liệu | Large Cap
HPG	26/10/2001 00:00:00	Công ty Cổ phần Tập đoàn Hòa Phát	2020-08-20T00:00:00Z	24.1	30400	31250	2.7960526315789473	https://finance.vietstock.vn/HPG-ctcp-tap-doan-hoa-phat.htm	+A	Higher	HOSE | Nguyên vật liệu | Large Cap
HPG	26/10/2001 00:00:00	Công ty Cổ phần Tập đoàn Hòa Phát	2020-08-21T00:00:00Z	24.35	30400	31250	2.7960526315789473	https://finance.vietstock.vn/HPG-ctcp-tap-doan-hoa-phat.htm	+A	Higher	HOSE | Nguyên vật liệu | Large Cap
HPG	26/10/2001 00:00:00	Công ty Cổ phần Tập đoàn Hòa Phát	2020-08-24T00:00:00Z	24.8	30400	31250	2.7960526315789473	https://finance.vietstock.vn/HPG-ctcp-tap-doan-hoa-phat.htm	+A	Higher	HOSE | Nguyên vật liệu | Large Cap
HPG	26/10/2001 00:00:00	Công ty Cổ phần Tập đoàn Hòa Phát	2020-08-25T00:00:00Z	24.55	30400	31250	2.7960526315789473	https://finance.vietstock.vn/HPG-ctcp-tap-doan-hoa-phat.htm	+A	Higher	HOSE | Nguyên vật liệu | Large Cap
HPG	26/10/2001 00:00:00	Công ty Cổ phần Tập đoàn Hòa Phát	2020-08-26T00:00:00Z	24.2	30400	31250	2.7960526315789473	https://finance.vietstock.vn/HPG-ctcp-tap-doan-hoa-phat.htm	+A	Higher	HOSE | Nguyên vật liệu | Large Cap
HPG	26/10/2001 00:00:00	Công ty Cổ phần Tập đoàn Hòa Phát	2020-08-27T00:00:00Z	24.3	30400	31250	2.7960526315789473	https://finance.vietstock.vn/HPG-ctcp-tap-doan-hoa-phat.htm	+A	Higher	HOSE | Nguyên vật liệu | Large Cap
HPG	26/10/2001 00:00:00	Công ty Cổ phần Tập đoàn Hòa Phát	2020-08-28T00:00:00Z	24.3	30400	31250	2.7960526315789473	https://finance.vietstock.vn/HPG-ctcp-tap-doan-hoa-phat.htm	+A	Higher	HOSE | Nguyên vật liệu | Large Cap
HPG	26/10/2001 00:00:00	Công ty Cổ phần Tập đoàn Hòa Phát	2020-08-31T00:00:00Z	24.55	30400	31250	2.7960526315789473	https://finance.vietstock.vn/HPG-ctcp-tap-doan-hoa-phat.htm	+A	Higher	HOSE | Nguyên vật liệu | Large Cap
HPG	26/10/2001 00:00:00	Công ty Cổ phần Tập đoàn Hòa Phát	2020-09-01T00:00:00Z	24.8	30400	31250	2.7960526315789473	https://finance.vietstock.vn/HPG-ctcp-tap-doan-hoa-phat.htm	+A	Higher	HOSE | Nguyên vật liệu | Large Cap
HPG	26/10/2001 00:00:00	Công ty Cổ phần Tập đoàn Hòa Phát	2020-09-03T00:00:00Z	25	30400	31250	2.7960526315789473	https://finance.vietstock.vn/HPG-ctcp-tap-doan-hoa-phat.htm	+A	Higher	HOSE | Nguyên vật liệu | Large Cap
HPG	26/10/2001 00:00:00	Công ty Cổ phần Tập đoàn Hòa Phát	2020-09-04T00:00:00Z	24.95	30400	31250	2.7960526315789473	https://finance.vietstock.vn/HPG-ctcp-tap-doan-hoa-phat.htm	+A	Higher	HOSE | Nguyên vật liệu | Large Cap
HPG	26/10/2001 00:00:00	Công ty Cổ phần Tập đoàn Hòa Phát	2020-09-07T00:00:00Z	24.5	30400	31250	2.7960526315789473	https://finance.vietstock.vn/HPG-ctcp-tap-doan-hoa-phat.htm	+A	Higher	HOSE | Nguyên vật liệu | Large Cap
HPG	26/10/2001 00:00:00	Công ty Cổ phần Tập đoàn Hòa Phát	2020-09-08T00:00:00Z	24.65	30400	31250	2.7960526315789473	https://finance.vietstock.vn/HPG-ctcp-tap-doan-hoa-phat.htm	+A	Higher	HOSE | Nguyên vật liệu | Large Cap
HPG	26/10/2001 00:00:00	Công ty Cổ phần Tập đoàn Hòa Phát	2020-09-09T00:00:00Z	24.5	30400	31250	2.7960526315789473	https://finance.vietstock.vn/HPG-ctcp-tap-doan-hoa-phat.htm	+A	Higher	HOSE | Nguyên vật liệu | Large Cap
HPG	26/10/2001 00:00:00	Công ty Cổ phần Tập đoàn Hòa Phát	2020-09-10T00:00:00Z	24.55	30400	31250	2.7960526315789473	https://finance.vietstock.vn/HPG-ctcp-tap-doan-hoa-phat.htm	+A	Higher	HOSE | Nguyên vật liệu | Large Cap
HPG	26/10/2001 00:00:00	Công ty Cổ phần Tập đoàn Hòa Phát	2020-09-11T00:00:00Z	24.45	30400	31250	2.7960526315789473	https://finance.vietstock.vn/HPG-ctcp-tap-doan-hoa-phat.htm	+A	Higher	HOSE | Nguyên vật liệu | Large Cap
HPG	26/10/2001 00:00:00	Công ty Cổ phần Tập đoàn Hòa Phát	2020-09-14T00:00:00Z	24.6	30400	31250	2.7960526315789473	https://finance.vietstock.vn/HPG-ctcp-tap-doan-hoa-phat.htm	+A	Higher	HOSE | Nguyên vật liệu | Large Cap
HPG	26/10/2001 00:00:00	Công ty Cổ phần Tập đoàn Hòa Phát	2020-09-15T00:00:00Z	24.7	30400	31250	2.7960526315789473	https://finance.vietstock.vn/HPG-ctcp-tap-doan-hoa-phat.htm	+A	Higher	HOSE | Nguyên vật liệu | Large Cap
HPG	26/10/2001 00:00:00	Công ty Cổ phần Tập đoàn Hòa Phát	2020-09-16T00:00:00Z	24.7	30400	31250	2.7960526315789473	https://finance.vietstock.vn/HPG-ctcp-tap-doan-hoa-phat.htm	+A	Higher	HOSE | Nguyên vật liệu | Large Cap
HPG	26/10/2001 00:00:00	Công ty Cổ phần Tập đoàn Hòa Phát	2020-09-17T00:00:00Z	25.4	30400	31250	2.7960526315789473	https://finance.vietstock.vn/HPG-ctcp-tap-doan-hoa-phat.htm	+A	Higher	HOSE | Nguyên vật liệu | Large Cap
HPG	26/10/2001 00:00:00	Công ty Cổ phần Tập đoàn Hòa Phát	2020-09-18T00:00:00Z	25.7	30400	31250	2.7960526315789473	https://finance.vietstock.vn/HPG-ctcp-tap-doan-hoa-phat.htm	+A	Higher	HOSE | Nguyên vật liệu | Large Cap
HPG	26/10/2001 00:00:00	Công ty Cổ phần Tập đoàn Hòa Phát	2020-09-21T00:00:00Z	25.7	30400	31250	2.7960526315789473	https://finance.vietstock.vn/HPG-ctcp-tap-doan-hoa-phat.htm	+A	Higher	HOSE | Nguyên vật liệu | Large Cap
HPG	26/10/2001 00:00:00	Công ty Cổ phần Tập đoàn Hòa Phát	2020-09-22T00:00:00Z	25.55	30400	31250	2.7960526315789473	https://finance.vietstock.vn/HPG-ctcp-tap-doan-hoa-phat.htm	+A	Higher	HOSE | Nguyên vật liệu | Large Cap
HPG	26/10/2001 00:00:00	Công ty Cổ phần Tập đoàn Hòa Phát	2020-09-23T00:00:00Z	25.8	30400	31250	2.7960526315789473	https://finance.vietstock.vn/HPG-ctcp-tap-doan-hoa-phat.htm	+A	Higher	HOSE | Nguyên vật liệu | Large Cap
HPG	26/10/2001 00:00:00	Công ty Cổ phần Tập đoàn Hòa Phát	2020-09-24T00:00:00Z	25.65	30400	31250	2.7960526315789473	https://finance.vietstock.vn/HPG-ctcp-tap-doan-hoa-phat.htm	+A	Higher	HOSE | Nguyên vật liệu | Large Cap
HPG	26/10/2001 00:00:00	Công ty Cổ phần Tập đoàn Hòa Phát	2020-09-25T00:00:00Z	25.75	30400	31250	2.7960526315789473	https://finance.vietstock.vn/HPG-ctcp-tap-doan-hoa-phat.htm	+A	Higher	HOSE | Nguyên vật liệu | Large Cap
HPG	26/10/2001 00:00:00	Công ty Cổ phần Tập đoàn Hòa Phát	2020-09-28T00:00:00Z	26.4	30400	31250	2.7960526315789473	https://finance.vietstock.vn/HPG-ctcp-tap-doan-hoa-phat.htm	+A	Higher	HOSE | Nguyên vật liệu | Large Cap
HPG	26/10/2001 00:00:00	Công ty Cổ phần Tập đoàn Hòa Phát	2020-09-29T00:00:00Z	26.35	30400	31250	2.7960526315789473	https://finance.vietstock.vn/HPG-ctcp-tap-doan-hoa-phat.htm	+A	Higher	HOSE | Nguyên vật liệu | Large Cap
HPG	26/10/2001 00:00:00	Công ty Cổ phần Tập đoàn Hòa Phát	2020-09-30T00:00:00Z	26.4	30400	31250	2.7960526315789473	https://finance.vietstock.vn/HPG-ctcp-tap-doan-hoa-phat.htm	+A	Higher	HOSE | Nguyên vật liệu | Large Cap
HPG	26/10/2001 00:00:00	Công ty Cổ phần Tập đoàn Hòa Phát	2020-10-01T00:00:00Z	27	30400	31250	2.7960526315789473	https://finance.vietstock.vn/HPG-ctcp-tap-doan-hoa-phat.htm	+A	Higher	HOSE | Nguyên vật liệu | Large Cap
HPG	26/10/2001 00:00:00	Công ty Cổ phần Tập đoàn Hòa Phát	2020-10-02T00:00:00Z	26.7	30400	31250	2.7960526315789473	https://finance.vietstock.vn/HPG-ctcp-tap-doan-hoa-phat.htm	+A	Higher	HOSE | Nguyên vật liệu | Large Cap
HPG	26/10/2001 00:00:00	Công ty Cổ phần Tập đoàn Hòa Phát	2020-10-05T00:00:00Z	27.35	30400	31250	2.7960526315789473	https://finance.vietstock.vn/HPG-ctcp-tap-doan-hoa-phat.htm	+A	Higher	HOSE | Nguyên vật liệu | Large Cap
HPG	26/10/2001 00:00:00	Công ty Cổ phần Tập đoàn Hòa Phát	2020-10-06T00:00:00Z	28.25	30400	31250	2.7960526315789473	https://finance.vietstock.vn/HPG-ctcp-tap-doan-hoa-phat.htm	+A	Higher	HOSE | Nguyên vật liệu | Large Cap
HPG	26/10/2001 00:00:00	Công ty Cổ phần Tập đoàn Hòa Phát	2020-10-07T00:00:00Z	27.8	30400	31250	2.7960526315789473	https://finance.vietstock.vn/HPG-ctcp-tap-doan-hoa-phat.htm	+A	Higher	HOSE | Nguyên vật liệu | Large Cap
HPG	26/10/2001 00:00:00	Công ty Cổ phần Tập đoàn Hòa Phát	2020-10-08T00:00:00Z	28.1	30400	31250	2.7960526315789473	https://finance.vietstock.vn/HPG-ctcp-tap-doan-hoa-phat.htm	+A	Higher	HOSE | Nguyên vật liệu | Large Cap
HPG	26/10/2001 00:00:00	Công ty Cổ phần Tập đoàn Hòa Phát	2020-10-09T00:00:00Z	28.5	30400	31250	2.7960526315789473	https://finance.vietstock.vn/HPG-ctcp-tap-doan-hoa-phat.htm	+A	Higher	HOSE | Nguyên vật liệu | Large Cap
HPG	26/10/2001 00:00:00	Công ty Cổ phần Tập đoàn Hòa Phát	2020-10-12T00:00:00Z	28.25	30400	31250	2.7960526315789473	https://finance.vietstock.vn/HPG-ctcp-tap-doan-hoa-phat.htm	+A	Higher	HOSE | Nguyên vật liệu | Large Cap
HPG	26/10/2001 00:00:00	Công ty Cổ phần Tập đoàn Hòa Phát	2020-10-13T00:00:00Z	28	30400	31250	2.7960526315789473	https://finance.vietstock.vn/HPG-ctcp-tap-doan-hoa-phat.htm	+A	Higher	HOSE | Nguyên vật liệu | Large Cap
HPG	26/10/2001 00:00:00	Công ty Cổ phần Tập đoàn Hòa Phát	2020-10-14T00:00:00Z	28.35	30400	31250	2.7960526315789473	https://finance.vietstock.vn/HPG-ctcp-tap-doan-hoa-phat.htm	+A	Higher	HOSE | Nguyên vật liệu | Large Cap
HPG	26/10/2001 00:00:00	Công ty Cổ phần Tập đoàn Hòa Phát	2020-10-15T00:00:00Z	29.05	30400	31250	2.7960526315789473	https://finance.vietstock.vn/HPG-ctcp-tap-doan-hoa-phat.htm	+A	Higher	HOSE | Nguyên vật liệu | Large Cap
HPG	26/10/2001 00:00:00	Công ty Cổ phần Tập đoàn Hòa Phát	2020-10-16T00:00:00Z	29.1	30400	31250	2.7960526315789473	https://finance.vietstock.vn/HPG-ctcp-tap-doan-hoa-phat.htm	+A	Higher	HOSE | Nguyên vật liệu | Large Cap
HPG	26/10/2001 00:00:00	Công ty Cổ phần Tập đoàn Hòa Phát	2020-10-19T00:00:00Z	28.9	30400	31250	2.7960526315789473	https://finance.vietstock.vn/HPG-ctcp-tap-doan-hoa-phat.htm	+A	Higher	HOSE | Nguyên vật liệu | Large Cap
HPG	26/10/2001 00:00:00	Công ty Cổ phần Tập đoàn Hòa Phát	2020-10-20T00:00:00Z	29.35	30400	31250	2.7960526315789473	https://finance.vietstock.vn/HPG-ctcp-tap-doan-hoa-phat.htm	+A	Higher	HOSE | Nguyên vật liệu | Large Cap
HPG	26/10/2001 00:00:00	Công ty Cổ phần Tập đoàn Hòa Phát	2020-10-21T00:00:00Z	29.1	30400	31250	2.7960526315789473	https://finance.vietstock.vn/HPG-ctcp-tap-doan-hoa-phat.htm	+A	Higher	HOSE | Nguyên vật liệu | Large Cap
HPG	26/10/2001 00:00:00	Công ty Cổ phần Tập đoàn Hòa Phát	2020-10-22T00:00:00Z	29.6	30400	31250	2.7960526315789473	https://finance.vietstock.vn/HPG-ctcp-tap-doan-hoa-phat.htm	+A	Higher	HOSE | Nguyên vật liệu | Large Cap
HPG	26/10/2001 00:00:00	Công ty Cổ phần Tập đoàn Hòa Phát	2020-10-23T00:00:00Z	30.9	30400	31250	2.7960526315789473	https://finance.vietstock.vn/HPG-ctcp-tap-doan-hoa-phat.htm	+A	Higher	HOSE | Nguyên vật liệu | Large Cap
HPG	26/10/2001 00:00:00	Công ty Cổ phần Tập đoàn Hòa Phát	2020-10-26T00:00:00Z	30.8	30400	31250	2.7960526315789473	https://finance.vietstock.vn/HPG-ctcp-tap-doan-hoa-phat.htm	+A	Higher	HOSE | Nguyên vật liệu | Large Cap
HPG	26/10/2001 00:00:00	Công ty Cổ phần Tập đoàn Hòa Phát	2020-10-27T00:00:00Z	31.4	30400	31250	2.7960526315789473	https://finance.vietstock.vn/HPG-ctcp-tap-doan-hoa-phat.htm	+A	Higher	HOSE | Nguyên vật liệu | Large Cap
HPG	26/10/2001 00:00:00	Công ty Cổ phần Tập đoàn Hòa Phát	2020-10-28T00:00:00Z	30.4	30400	31250	2.7960526315789473	https://finance.vietstock.vn/HPG-ctcp-tap-doan-hoa-phat.htm	+A	Higher	HOSE | Nguyên vật liệu | Large Cap
HPG	26/10/2001 00:00:00	Công ty Cổ phần Tập đoàn Hòa Phát	2020-10-29T00:00:00Z	30.6	30400	31250	2.7960526315789473	https://finance.vietstock.vn/HPG-ctcp-tap-doan-hoa-phat.htm	+A	Higher	HOSE | Nguyên vật liệu | Large Cap
HPG	26/10/2001 00:00:00	Công ty Cổ phần Tập đoàn Hòa Phát	2020-10-30T00:00:00Z	30.55	30400	31250	2.7960526315789473	https://finance.vietstock.vn/HPG-ctcp-tap-doan-hoa-phat.htm	+A	Higher	HOSE | Nguyên vật liệu | Large Cap
HPG	26/10/2001 00:00:00	Công ty Cổ phần Tập đoàn Hòa Phát	2020-11-02T00:00:00Z	30.6	30400	31250	2.7960526315789473	https://finance.vietstock.vn/HPG-ctcp-tap-doan-hoa-phat.htm	+A	Higher	HOSE | Nguyên vật liệu | Large Cap
HPG	26/10/2001 00:00:00	Công ty Cổ phần Tập đoàn Hòa Phát	2020-11-03T00:00:00Z	30.7	30400	31250	2.7960526315789473	https://finance.vietstock.vn/HPG-ctcp-tap-doan-hoa-phat.htm	+A	Higher	HOSE | Nguyên vật liệu | Large Cap
HPG	26/10/2001 00:00:00	Công ty Cổ phần Tập đoàn Hòa Phát	2020-11-04T00:00:00Z	30.65	30400	31250	2.7960526315789473	https://finance.vietstock.vn/HPG-ctcp-tap-doan-hoa-phat.htm	+A	Higher	HOSE | Nguyên vật liệu | Large Cap
HPG	26/10/2001 00:00:00	Công ty Cổ phần Tập đoàn Hòa Phát	2020-11-05T00:00:00Z	30.25	30400	31250	2.7960526315789473	https://finance.vietstock.vn/HPG-ctcp-tap-doan-hoa-phat.htm	+A	Higher	HOSE | Nguyên vật liệu | Large Cap
HPG	26/10/2001 00:00:00	Công ty Cổ phần Tập đoàn Hòa Phát	2020-11-06T00:00:00Z	30.4	30400	31250	2.7960526315789473	https://finance.vietstock.vn/HPG-ctcp-tap-doan-hoa-phat.htm	+A	Higher	HOSE | Nguyên vật liệu | Large Cap
HPG	26/10/2001 00:00:00	Công ty Cổ phần Tập đoàn Hòa Phát	2020-11-09T00:00:00Z	31.5	30400	31250	2.7960526315789473	https://finance.vietstock.vn/HPG-ctcp-tap-doan-hoa-phat.htm	+A	Higher	HOSE | Nguyên vật liệu | Large Cap
HPG	26/10/2001 00:00:00	Công ty Cổ phần Tập đoàn Hòa Phát	2020-11-10T00:00:00Z	31.3	30400	31250	2.7960526315789473	https://finance.vietstock.vn/HPG-ctcp-tap-doan-hoa-phat.htm	+A	Higher	HOSE | Nguyên vật liệu | Large Cap
VCB	02/06/2008 09:35:00	Ngân hàng Thương mại Cổ phần Ngoại thương Việt Nam	2020-08-12T00:00:00Z	82.1	85000	85500	0.5882352941176471	https://finance.vietstock.vn/VCB-ngan-hang-tmcp-ngoai-thuong-viet-nam.htm	+A	Higher	HOSE | Ngân hàng | Large Cap
VCB	02/06/2008 09:35:00	Ngân hàng Thương mại Cổ phần Ngoại thương Việt Nam	2020-08-13T00:00:00Z	83	85000	85500	0.5882352941176471	https://finance.vietstock.vn/VCB-ngan-hang-tmcp-ngoai-thuong-viet-nam.htm	+A	Higher	HOSE | Ngân hàng | Large Cap
VCB	02/06/2008 09:35:00	Ngân hàng Thương mại Cổ phần Ngoại thương Việt Nam	2020-08-14T00:00:00Z	82	85000	85500	0.5882352941176471	https://finance.vietstock.vn/VCB-ngan-hang-tmcp-ngoai-thuong-viet-nam.htm	+A	Higher	HOSE | Ngân hàng | Large Cap
VCB	02/06/2008 09:35:00	Ngân hàng Thương mại Cổ phần Ngoại thương Việt Nam	2020-08-17T00:00:00Z	82.3	85000	85500	0.5882352941176471	https://finance.vietstock.vn/VCB-ngan-hang-tmcp-ngoai-thuong-viet-nam.htm	+A	Higher	HOSE | Ngân hàng | Large Cap
VCB	02/06/2008 09:35:00	Ngân hàng Thương mại Cổ phần Ngoại thương Việt Nam	2020-08-18T00:00:00Z	82.3	85000	85500	0.5882352941176471	https://finance.vietstock.vn/VCB-ngan-hang-tmcp-ngoai-thuong-viet-nam.htm	+A	Higher	HOSE | Ngân hàng | Large Cap
VCB	02/06/2008 09:35:00	Ngân hàng Thương mại Cổ phần Ngoại thương Việt Nam	2020-08-19T00:00:00Z	83	85000	85500	0.5882352941176471	https://finance.vietstock.vn/VCB-ngan-hang-tmcp-ngoai-thuong-viet-nam.htm	+A	Higher	HOSE | Ngân hàng | Large Cap
VCB	02/06/2008 09:35:00	Ngân hàng Thương mại Cổ phần Ngoại thương Việt Nam	2020-08-20T00:00:00Z	83	85000	85500	0.5882352941176471	https://finance.vietstock.vn/VCB-ngan-hang-tmcp-ngoai-thuong-viet-nam.htm	+A	Higher	HOSE | Ngân hàng | Large Cap
VCB	02/06/2008 09:35:00	Ngân hàng Thương mại Cổ phần Ngoại thương Việt Nam	2020-08-21T00:00:00Z	82.9	85000	85500	0.5882352941176471	https://finance.vietstock.vn/VCB-ngan-hang-tmcp-ngoai-thuong-viet-nam.htm	+A	Higher	HOSE | Ngân hàng | Large Cap
VCB	02/06/2008 09:35:00	Ngân hàng Thương mại Cổ phần Ngoại thương Việt Nam	2020-08-24T00:00:00Z	83.9	85000	85500	0.5882352941176471	https://finance.vietstock.vn/VCB-ngan-hang-tmcp-ngoai-thuong-viet-nam.htm	+A	Higher	HOSE | Ngân hàng | Large Cap
VCB	02/06/2008 09:35:00	Ngân hàng Thương mại Cổ phần Ngoại thương Việt Nam	2020-08-25T00:00:00Z	83.9	85000	85500	0.5882352941176471	https://finance.vietstock.vn/VCB-ngan-hang-tmcp-ngoai-thuong-viet-nam.htm	+A	Higher	HOSE | Ngân hàng | Large Cap
VCB	02/06/2008 09:35:00	Ngân hàng Thương mại Cổ phần Ngoại thương Việt Nam	2020-08-26T00:00:00Z	83.5	85000	85500	0.5882352941176471	https://finance.vietstock.vn/VCB-ngan-hang-tmcp-ngoai-thuong-viet-nam.htm	+A	Higher	HOSE | Ngân hàng | Large Cap
VCB	02/06/2008 09:35:00	Ngân hàng Thương mại Cổ phần Ngoại thương Việt Nam	2020-08-27T00:00:00Z	83.5	85000	85500	0.5882352941176471	https://finance.vietstock.vn/VCB-ngan-hang-tmcp-ngoai-thuong-viet-nam.htm	+A	Higher	HOSE | Ngân hàng | Large Cap
VCB	02/06/2008 09:35:00	Ngân hàng Thương mại Cổ phần Ngoại thương Việt Nam	2020-08-28T00:00:00Z	83.4	85000	85500	0.5882352941176471	https://finance.vietstock.vn/VCB-ngan-hang-tmcp-ngoai-thuong-viet-nam.htm	+A	Higher	HOSE | Ngân hàng | Large Cap
VCB	02/06/2008 09:35:00	Ngân hàng Thương mại Cổ phần Ngoại thương Việt Nam	2020-08-31T00:00:00Z	83	85000	85500	0.5882352941176471	https://finance.vietstock.vn/VCB-ngan-hang-tmcp-ngoai-thuong-viet-nam.htm	+A	Higher	HOSE | Ngân hàng | Large Cap
VCB	02/06/2008 09:35:00	Ngân hàng Thương mại Cổ phần Ngoại thương Việt Nam	2020-09-01T00:00:00Z	83	85000	85500	0.5882352941176471	https://finance.vietstock.vn/VCB-ngan-hang-tmcp-ngoai-thuong-viet-nam.htm	+A	Higher	HOSE | Ngân hàng | Large Cap
VCB	02/06/2008 09:35:00	Ngân hàng Thương mại Cổ phần Ngoại thương Việt Nam	2020-09-03T00:00:00Z	86.2	85000	85500	0.5882352941176471	https://finance.vietstock.vn/VCB-ngan-hang-tmcp-ngoai-thuong-viet-nam.htm	+A	Higher	HOSE | Ngân hàng | Large Cap
VCB	02/06/2008 09:35:00	Ngân hàng Thương mại Cổ phần Ngoại thương Việt Nam	2020-09-04T00:00:00Z	84.9	85000	85500	0.5882352941176471	https://finance.vietstock.vn/VCB-ngan-hang-tmcp-ngoai-thuong-viet-nam.htm	+A	Higher	HOSE | Ngân hàng | Large Cap
VCB	02/06/2008 09:35:00	Ngân hàng Thương mại Cổ phần Ngoại thương Việt Nam	2020-09-07T00:00:00Z	83.6	85000	85500	0.5882352941176471	https://finance.vietstock.vn/VCB-ngan-hang-tmcp-ngoai-thuong-viet-nam.htm	+A	Higher	HOSE | Ngân hàng | Large Cap
VCB	02/06/2008 09:35:00	Ngân hàng Thương mại Cổ phần Ngoại thương Việt Nam	2020-09-08T00:00:00Z	82.5	85000	85500	0.5882352941176471	https://finance.vietstock.vn/VCB-ngan-hang-tmcp-ngoai-thuong-viet-nam.htm	+A	Higher	HOSE | Ngân hàng | Large Cap
VCB	02/06/2008 09:35:00	Ngân hàng Thương mại Cổ phần Ngoại thương Việt Nam	2020-09-09T00:00:00Z	82.2	85000	85500	0.5882352941176471	https://finance.vietstock.vn/VCB-ngan-hang-tmcp-ngoai-thuong-viet-nam.htm	+A	Higher	HOSE | Ngân hàng | Large Cap
VCB	02/06/2008 09:35:00	Ngân hàng Thương mại Cổ phần Ngoại thương Việt Nam	2020-09-10T00:00:00Z	82.1	85000	85500	0.5882352941176471	https://finance.vietstock.vn/VCB-ngan-hang-tmcp-ngoai-thuong-viet-nam.htm	+A	Higher	HOSE | Ngân hàng | Large Cap
VCB	02/06/2008 09:35:00	Ngân hàng Thương mại Cổ phần Ngoại thương Việt Nam	2020-09-11T00:00:00Z	82.3	85000	85500	0.5882352941176471	https://finance.vietstock.vn/VCB-ngan-hang-tmcp-ngoai-thuong-viet-nam.htm	+A	Higher	HOSE | Ngân hàng | Large Cap
VCB	02/06/2008 09:35:00	Ngân hàng Thương mại Cổ phần Ngoại thương Việt Nam	2020-09-14T00:00:00Z	83	85000	85500	0.5882352941176471	https://finance.vietstock.vn/VCB-ngan-hang-tmcp-ngoai-thuong-viet-nam.htm	+A	Higher	HOSE | Ngân hàng | Large Cap
VCB	02/06/2008 09:35:00	Ngân hàng Thương mại Cổ phần Ngoại thương Việt Nam	2020-09-15T00:00:00Z	82.5	85000	85500	0.5882352941176471	https://finance.vietstock.vn/VCB-ngan-hang-tmcp-ngoai-thuong-viet-nam.htm	+A	Higher	HOSE | Ngân hàng | Large Cap
VCB	02/06/2008 09:35:00	Ngân hàng Thương mại Cổ phần Ngoại thương Việt Nam	2020-09-16T00:00:00Z	82.9	85000	85500	0.5882352941176471	https://finance.vietstock.vn/VCB-ngan-hang-tmcp-ngoai-thuong-viet-nam.htm	+A	Higher	HOSE | Ngân hàng | Large Cap
VCB	02/06/2008 09:35:00	Ngân hàng Thương mại Cổ phần Ngoại thương Việt Nam	2020-09-17T00:00:00Z	82.5	85000	85500	0.5882352941176471	https://finance.vietstock.vn/VCB-ngan-hang-tmcp-ngoai-thuong-viet-nam.htm	+A	Higher	HOSE | Ngân hàng | Large Cap
VCB	02/06/2008 09:35:00	Ngân hàng Thương mại Cổ phần Ngoại thương Việt Nam	2020-09-18T00:00:00Z	82.9	85000	85500	0.5882352941176471	https://finance.vietstock.vn/VCB-ngan-hang-tmcp-ngoai-thuong-viet-nam.htm	+A	Higher	HOSE | Ngân hàng | Large Cap
VCB	02/06/2008 09:35:00	Ngân hàng Thương mại Cổ phần Ngoại thương Việt Nam	2020-09-21T00:00:00Z	83	85000	85500	0.5882352941176471	https://finance.vietstock.vn/VCB-ngan-hang-tmcp-ngoai-thuong-viet-nam.htm	+A	Higher	HOSE | Ngân hàng | Large Cap
VCB	02/06/2008 09:35:00	Ngân hàng Thương mại Cổ phần Ngoại thương Việt Nam	2020-09-22T00:00:00Z	84	85000	85500	0.5882352941176471	https://finance.vietstock.vn/VCB-ngan-hang-tmcp-ngoai-thuong-viet-nam.htm	+A	Higher	HOSE | Ngân hàng | Large Cap
VCB	02/06/2008 09:35:00	Ngân hàng Thương mại Cổ phần Ngoại thương Việt Nam	2020-09-23T00:00:00Z	85.4	85000	85500	0.5882352941176471	https://finance.vietstock.vn/VCB-ngan-hang-tmcp-ngoai-thuong-viet-nam.htm	+A	Higher	HOSE | Ngân hàng | Large Cap
VCB	02/06/2008 09:35:00	Ngân hàng Thương mại Cổ phần Ngoại thương Việt Nam	2020-09-24T00:00:00Z	86.1	85000	85500	0.5882352941176471	https://finance.vietstock.vn/VCB-ngan-hang-tmcp-ngoai-thuong-viet-nam.htm	+A	Higher	HOSE | Ngân hàng | Large Cap
VCB	02/06/2008 09:35:00	Ngân hàng Thương mại Cổ phần Ngoại thương Việt Nam	2020-09-25T00:00:00Z	86	85000	85500	0.5882352941176471	https://finance.vietstock.vn/VCB-ngan-hang-tmcp-ngoai-thuong-viet-nam.htm	+A	Higher	HOSE | Ngân hàng | Large Cap
VCB	02/06/2008 09:35:00	Ngân hàng Thương mại Cổ phần Ngoại thương Việt Nam	2020-09-28T00:00:00Z	86	85000	85500	0.5882352941176471	https://finance.vietstock.vn/VCB-ngan-hang-tmcp-ngoai-thuong-viet-nam.htm	+A	Higher	HOSE | Ngân hàng | Large Cap
VCB	02/06/2008 09:35:00	Ngân hàng Thương mại Cổ phần Ngoại thương Việt Nam	2020-09-29T00:00:00Z	84.6	85000	85500	0.5882352941176471	https://finance.vietstock.vn/VCB-ngan-hang-tmcp-ngoai-thuong-viet-nam.htm	+A	Higher	HOSE | Ngân hàng | Large Cap
VCB	02/06/2008 09:35:00	Ngân hàng Thương mại Cổ phần Ngoại thương Việt Nam	2020-09-30T00:00:00Z	84.1	85000	85500	0.5882352941176471	https://finance.vietstock.vn/VCB-ngan-hang-tmcp-ngoai-thuong-viet-nam.htm	+A	Higher	HOSE | Ngân hàng | Large Cap
VCB	02/06/2008 09:35:00	Ngân hàng Thương mại Cổ phần Ngoại thương Việt Nam	2020-10-01T00:00:00Z	84.8	85000	85500	0.5882352941176471	https://finance.vietstock.vn/VCB-ngan-hang-tmcp-ngoai-thuong-viet-nam.htm	+A	Higher	HOSE | Ngân hàng | Large Cap
VCB	02/06/2008 09:35:00	Ngân hàng Thương mại Cổ phần Ngoại thương Việt Nam	2020-10-02T00:00:00Z	84	85000	85500	0.5882352941176471	https://finance.vietstock.vn/VCB-ngan-hang-tmcp-ngoai-thuong-viet-nam.htm	+A	Higher	HOSE | Ngân hàng | Large Cap
VCB	02/06/2008 09:35:00	Ngân hàng Thương mại Cổ phần Ngoại thương Việt Nam	2020-10-05T00:00:00Z	83.5	85000	85500	0.5882352941176471	https://finance.vietstock.vn/VCB-ngan-hang-tmcp-ngoai-thuong-viet-nam.htm	+A	Higher	HOSE | Ngân hàng | Large Cap
VCB	02/06/2008 09:35:00	Ngân hàng Thương mại Cổ phần Ngoại thương Việt Nam	2020-10-06T00:00:00Z	83.9	85000	85500	0.5882352941176471	https://finance.vietstock.vn/VCB-ngan-hang-tmcp-ngoai-thuong-viet-nam.htm	+A	Higher	HOSE | Ngân hàng | Large Cap
VCB	02/06/2008 09:35:00	Ngân hàng Thương mại Cổ phần Ngoại thương Việt Nam	2020-10-07T00:00:00Z	85	85000	85500	0.5882352941176471	https://finance.vietstock.vn/VCB-ngan-hang-tmcp-ngoai-thuong-viet-nam.htm	+A	Higher	HOSE | Ngân hàng | Large Cap
VCB	02/06/2008 09:35:00	Ngân hàng Thương mại Cổ phần Ngoại thương Việt Nam	2020-10-08T00:00:00Z	84.8	85000	85500	0.5882352941176471	https://finance.vietstock.vn/VCB-ngan-hang-tmcp-ngoai-thuong-viet-nam.htm	+A	Higher	HOSE | Ngân hàng | Large Cap
VCB	02/06/2008 09:35:00	Ngân hàng Thương mại Cổ phần Ngoại thương Việt Nam	2020-10-09T00:00:00Z	84.8	85000	85500	0.5882352941176471	https://finance.vietstock.vn/VCB-ngan-hang-tmcp-ngoai-thuong-viet-nam.htm	+A	Higher	HOSE | Ngân hàng | Large Cap
VCB	02/06/2008 09:35:00	Ngân hàng Thương mại Cổ phần Ngoại thương Việt Nam	2020-10-12T00:00:00Z	85.9	85000	85500	0.5882352941176471	https://finance.vietstock.vn/VCB-ngan-hang-tmcp-ngoai-thuong-viet-nam.htm	+A	Higher	HOSE | Ngân hàng | Large Cap
VCB	02/06/2008 09:35:00	Ngân hàng Thương mại Cổ phần Ngoại thương Việt Nam	2020-10-13T00:00:00Z	86.5	85000	85500	0.5882352941176471	https://finance.vietstock.vn/VCB-ngan-hang-tmcp-ngoai-thuong-viet-nam.htm	+A	Higher	HOSE | Ngân hàng | Large Cap
VCB	02/06/2008 09:35:00	Ngân hàng Thương mại Cổ phần Ngoại thương Việt Nam	2020-10-14T00:00:00Z	88.2	85000	85500	0.5882352941176471	https://finance.vietstock.vn/VCB-ngan-hang-tmcp-ngoai-thuong-viet-nam.htm	+A	Higher	HOSE | Ngân hàng | Large Cap
VCB	02/06/2008 09:35:00	Ngân hàng Thương mại Cổ phần Ngoại thương Việt Nam	2020-10-15T00:00:00Z	88.6	85000	85500	0.5882352941176471	https://finance.vietstock.vn/VCB-ngan-hang-tmcp-ngoai-thuong-viet-nam.htm	+A	Higher	HOSE | Ngân hàng | Large Cap
VCB	02/06/2008 09:35:00	Ngân hàng Thương mại Cổ phần Ngoại thương Việt Nam	2020-10-16T00:00:00Z	88.2	85000	85500	0.5882352941176471	https://finance.vietstock.vn/VCB-ngan-hang-tmcp-ngoai-thuong-viet-nam.htm	+A	Higher	HOSE | Ngân hàng | Large Cap
VCB	02/06/2008 09:35:00	Ngân hàng Thương mại Cổ phần Ngoại thương Việt Nam	2020-10-19T00:00:00Z	87.5	85000	85500	0.5882352941176471	https://finance.vietstock.vn/VCB-ngan-hang-tmcp-ngoai-thuong-viet-nam.htm	+A	Higher	HOSE | Ngân hàng | Large Cap
VCB	02/06/2008 09:35:00	Ngân hàng Thương mại Cổ phần Ngoại thương Việt Nam	2020-10-20T00:00:00Z	87.7	85000	85500	0.5882352941176471	https://finance.vietstock.vn/VCB-ngan-hang-tmcp-ngoai-thuong-viet-nam.htm	+A	Higher	HOSE | Ngân hàng | Large Cap
VCB	02/06/2008 09:35:00	Ngân hàng Thương mại Cổ phần Ngoại thương Việt Nam	2020-10-21T00:00:00Z	86.2	85000	85500	0.5882352941176471	https://finance.vietstock.vn/VCB-ngan-hang-tmcp-ngoai-thuong-viet-nam.htm	+A	Higher	HOSE | Ngân hàng | Large Cap
VCB	02/06/2008 09:35:00	Ngân hàng Thương mại Cổ phần Ngoại thương Việt Nam	2020-10-22T00:00:00Z	86.6	85000	85500	0.5882352941176471	https://finance.vietstock.vn/VCB-ngan-hang-tmcp-ngoai-thuong-viet-nam.htm	+A	Higher	HOSE | Ngân hàng | Large Cap
VCB	02/06/2008 09:35:00	Ngân hàng Thương mại Cổ phần Ngoại thương Việt Nam	2020-10-23T00:00:00Z	87.5	85000	85500	0.5882352941176471	https://finance.vietstock.vn/VCB-ngan-hang-tmcp-ngoai-thuong-viet-nam.htm	+A	Higher	HOSE | Ngân hàng | Large Cap
VCB	02/06/2008 09:35:00	Ngân hàng Thương mại Cổ phần Ngoại thương Việt Nam	2020-10-26T00:00:00Z	86	85000	85500	0.5882352941176471	https://finance.vietstock.vn/VCB-ngan-hang-tmcp-ngoai-thuong-viet-nam.htm	+A	Higher	HOSE | Ngân hàng | Large Cap
VCB	02/06/2008 09:35:00	Ngân hàng Thương mại Cổ phần Ngoại thương Việt Nam	2020-10-27T00:00:00Z	86	85000	85500	0.5882352941176471	https://finance.vietstock.vn/VCB-ngan-hang-tmcp-ngoai-thuong-viet-nam.htm	+A	Higher	HOSE | Ngân hàng | Large Cap
VCB	02/06/2008 09:35:00	Ngân hàng Thương mại Cổ phần Ngoại thương Việt Nam	2020-10-28T00:00:00Z	84.2	85000	85500	0.5882352941176471	https://finance.vietstock.vn/VCB-ngan-hang-tmcp-ngoai-thuong-viet-nam.htm	+A	Higher	HOSE | Ngân hàng | Large Cap
VCB	02/06/2008 09:35:00	Ngân hàng Thương mại Cổ phần Ngoại thương Việt Nam	2020-10-29T00:00:00Z	83.6	85000	85500	0.5882352941176471	https://finance.vietstock.vn/VCB-ngan-hang-tmcp-ngoai-thuong-viet-nam.htm	+A	Higher	HOSE | Ngân hàng | Large Cap
VCB	02/06/2008 09:35:00	Ngân hàng Thương mại Cổ phần Ngoại thương Việt Nam	2020-10-30T00:00:00Z	83	85000	85500	0.5882352941176471	https://finance.vietstock.vn/VCB-ngan-hang-tmcp-ngoai-thuong-viet-nam.htm	+A	Higher	HOSE | Ngân hàng | Large Cap
VCB	02/06/2008 09:35:00	Ngân hàng Thương mại Cổ phần Ngoại thương Việt Nam	2020-11-02T00:00:00Z	85.8	85000	85500	0.5882352941176471	https://finance.vietstock.vn/VCB-ngan-hang-tmcp-ngoai-thuong-viet-nam.htm	+A	Higher	HOSE | Ngân hàng | Large Cap
VCB	02/06/2008 09:35:00	Ngân hàng Thương mại Cổ phần Ngoại thương Việt Nam	2020-11-03T00:00:00Z	85	85000	85500	0.5882352941176471	https://finance.vietstock.vn/VCB-ngan-hang-tmcp-ngoai-thuong-viet-nam.htm	+A	Higher	HOSE | Ngân hàng | Large Cap
VCB	02/06/2008 09:35:00	Ngân hàng Thương mại Cổ phần Ngoại thương Việt Nam	2020-11-04T00:00:00Z	85	85000	85500	0.5882352941176471	https://finance.vietstock.vn/VCB-ngan-hang-tmcp-ngoai-thuong-viet-nam.htm	+A	Higher	HOSE | Ngân hàng | Large Cap
VCB	02/06/2008 09:35:00	Ngân hàng Thương mại Cổ phần Ngoại thương Việt Nam	2020-11-05T00:00:00Z	85	85000	85500	0.5882352941176471	https://finance.vietstock.vn/VCB-ngan-hang-tmcp-ngoai-thuong-viet-nam.htm	+A	Higher	HOSE | Ngân hàng | Large Cap
VCB	02/06/2008 09:35:00	Ngân hàng Thương mại Cổ phần Ngoại thương Việt Nam	2020-11-06T00:00:00Z	85	85000	85500	0.5882352941176471	https://finance.vietstock.vn/VCB-ngan-hang-tmcp-ngoai-thuong-viet-nam.htm	+A	Higher	HOSE | Ngân hàng | Large Cap
VCB	02/06/2008 09:35:00	Ngân hàng Thương mại Cổ phần Ngoại thương Việt Nam	2020-11-09T00:00:00Z	85.5	85000	85500	0.5882352941176471	https://finance.vietstock.vn/VCB-ngan-hang-tmcp-ngoai-thuong-viet-nam.htm	+A	Higher	HOSE | Ngân hàng | Large Cap
VCB	02/06/2008 09:35:00	Ngân hàng Thương mại Cổ phần Ngoại thương Việt Nam	2020-11-10T00:00:00Z	85.1	85000	85500	0.5882352941176471	https://finance.vietstock.vn/VCB-ngan-hang-tmcp-ngoai-thuong-viet-nam.htm	+A	Higher	HOSE | Ngân hàng | Large Cap
DXG	23/11/2007 10:06:00	Công ty Cổ phần Tập đoàn Đất Xanh	2020-08-12T00:00:00Z	9.49	12600	13000	3.1746031746031744	https://finance.vietstock.vn/DXG-ctcp-tap-doan-dat-xanh.htm	+A	Higher	HOSE | Tài chính | Large Cap
DXG	23/11/2007 10:06:00	Công ty Cổ phần Tập đoàn Đất Xanh	2020-08-13T00:00:00Z	9.5	12600	13000	3.1746031746031744	https://finance.vietstock.vn/DXG-ctcp-tap-doan-dat-xanh.htm	+A	Higher	HOSE | Tài chính | Large Cap
DXG	23/11/2007 10:06:00	Công ty Cổ phần Tập đoàn Đất Xanh	2020-08-14T00:00:00Z	9.68	12600	13000	3.1746031746031744	https://finance.vietstock.vn/DXG-ctcp-tap-doan-dat-xanh.htm	+A	Higher	HOSE | Tài chính | Large Cap
DXG	23/11/2007 10:06:00	Công ty Cổ phần Tập đoàn Đất Xanh	2020-08-17T00:00:00Z	9.43	12600	13000	3.1746031746031744	https://finance.vietstock.vn/DXG-ctcp-tap-doan-dat-xanh.htm	+A	Higher	HOSE | Tài chính | Large Cap
DXG	23/11/2007 10:06:00	Công ty Cổ phần Tập đoàn Đất Xanh	2020-08-18T00:00:00Z	9.2	12600	13000	3.1746031746031744	https://finance.vietstock.vn/DXG-ctcp-tap-doan-dat-xanh.htm	+A	Higher	HOSE | Tài chính | Large Cap
DXG	23/11/2007 10:06:00	Công ty Cổ phần Tập đoàn Đất Xanh	2020-08-19T00:00:00Z	9.05	12600	13000	3.1746031746031744	https://finance.vietstock.vn/DXG-ctcp-tap-doan-dat-xanh.htm	+A	Higher	HOSE | Tài chính | Large Cap
DXG	23/11/2007 10:06:00	Công ty Cổ phần Tập đoàn Đất Xanh	2020-08-20T00:00:00Z	9.29	12600	13000	3.1746031746031744	https://finance.vietstock.vn/DXG-ctcp-tap-doan-dat-xanh.htm	+A	Higher	HOSE | Tài chính | Large Cap
DXG	23/11/2007 10:06:00	Công ty Cổ phần Tập đoàn Đất Xanh	2020-08-21T00:00:00Z	9.24	12600	13000	3.1746031746031744	https://finance.vietstock.vn/DXG-ctcp-tap-doan-dat-xanh.htm	+A	Higher	HOSE | Tài chính | Large Cap
DXG	23/11/2007 10:06:00	Công ty Cổ phần Tập đoàn Đất Xanh	2020-08-24T00:00:00Z	9.5	12600	13000	3.1746031746031744	https://finance.vietstock.vn/DXG-ctcp-tap-doan-dat-xanh.htm	+A	Higher	HOSE | Tài chính | Large Cap
DXG	23/11/2007 10:06:00	Công ty Cổ phần Tập đoàn Đất Xanh	2020-08-25T00:00:00Z	10.15	12600	13000	3.1746031746031744	https://finance.vietstock.vn/DXG-ctcp-tap-doan-dat-xanh.htm	+A	Higher	HOSE | Tài chính | Large Cap
DXG	23/11/2007 10:06:00	Công ty Cổ phần Tập đoàn Đất Xanh	2020-08-26T00:00:00Z	10.15	12600	13000	3.1746031746031744	https://finance.vietstock.vn/DXG-ctcp-tap-doan-dat-xanh.htm	+A	Higher	HOSE | Tài chính | Large Cap
DXG	23/11/2007 10:06:00	Công ty Cổ phần Tập đoàn Đất Xanh	2020-08-27T00:00:00Z	10.05	12600	13000	3.1746031746031744	https://finance.vietstock.vn/DXG-ctcp-tap-doan-dat-xanh.htm	+A	Higher	HOSE | Tài chính | Large Cap
DXG	23/11/2007 10:06:00	Công ty Cổ phần Tập đoàn Đất Xanh	2020-08-28T00:00:00Z	10	12600	13000	3.1746031746031744	https://finance.vietstock.vn/DXG-ctcp-tap-doan-dat-xanh.htm	+A	Higher	HOSE | Tài chính | Large Cap
DXG	23/11/2007 10:06:00	Công ty Cổ phần Tập đoàn Đất Xanh	2020-08-31T00:00:00Z	9.68	12600	13000	3.1746031746031744	https://finance.vietstock.vn/DXG-ctcp-tap-doan-dat-xanh.htm	+A	Higher	HOSE | Tài chính | Large Cap
DXG	23/11/2007 10:06:00	Công ty Cổ phần Tập đoàn Đất Xanh	2020-09-01T00:00:00Z	9.88	12600	13000	3.1746031746031744	https://finance.vietstock.vn/DXG-ctcp-tap-doan-dat-xanh.htm	+A	Higher	HOSE | Tài chính | Large Cap
DXG	23/11/2007 10:06:00	Công ty Cổ phần Tập đoàn Đất Xanh	2020-09-03T00:00:00Z	10.15	12600	13000	3.1746031746031744	https://finance.vietstock.vn/DXG-ctcp-tap-doan-dat-xanh.htm	+A	Higher	HOSE | Tài chính | Large Cap
DXG	23/11/2007 10:06:00	Công ty Cổ phần Tập đoàn Đất Xanh	2020-09-04T00:00:00Z	10	12600	13000	3.1746031746031744	https://finance.vietstock.vn/DXG-ctcp-tap-doan-dat-xanh.htm	+A	Higher	HOSE | Tài chính | Large Cap
DXG	23/11/2007 10:06:00	Công ty Cổ phần Tập đoàn Đất Xanh	2020-09-07T00:00:00Z	9.76	12600	13000	3.1746031746031744	https://finance.vietstock.vn/DXG-ctcp-tap-doan-dat-xanh.htm	+A	Higher	HOSE | Tài chính | Large Cap
DXG	23/11/2007 10:06:00	Công ty Cổ phần Tập đoàn Đất Xanh	2020-09-08T00:00:00Z	9.78	12600	13000	3.1746031746031744	https://finance.vietstock.vn/DXG-ctcp-tap-doan-dat-xanh.htm	+A	Higher	HOSE | Tài chính | Large Cap
DXG	23/11/2007 10:06:00	Công ty Cổ phần Tập đoàn Đất Xanh	2020-09-09T00:00:00Z	9.81	12600	13000	3.1746031746031744	https://finance.vietstock.vn/DXG-ctcp-tap-doan-dat-xanh.htm	+A	Higher	HOSE | Tài chính | Large Cap
DXG	23/11/2007 10:06:00	Công ty Cổ phần Tập đoàn Đất Xanh	2020-09-10T00:00:00Z	9.92	12600	13000	3.1746031746031744	https://finance.vietstock.vn/DXG-ctcp-tap-doan-dat-xanh.htm	+A	Higher	HOSE | Tài chính | Large Cap
DXG	23/11/2007 10:06:00	Công ty Cổ phần Tập đoàn Đất Xanh	2020-09-11T00:00:00Z	9.97	12600	13000	3.1746031746031744	https://finance.vietstock.vn/DXG-ctcp-tap-doan-dat-xanh.htm	+A	Higher	HOSE | Tài chính | Large Cap
DXG	23/11/2007 10:06:00	Công ty Cổ phần Tập đoàn Đất Xanh	2020-09-14T00:00:00Z	10.15	12600	13000	3.1746031746031744	https://finance.vietstock.vn/DXG-ctcp-tap-doan-dat-xanh.htm	+A	Higher	HOSE | Tài chính | Large Cap
DXG	23/11/2007 10:06:00	Công ty Cổ phần Tập đoàn Đất Xanh	2020-09-15T00:00:00Z	10.1	12600	13000	3.1746031746031744	https://finance.vietstock.vn/DXG-ctcp-tap-doan-dat-xanh.htm	+A	Higher	HOSE | Tài chính | Large Cap
DXG	23/11/2007 10:06:00	Công ty Cổ phần Tập đoàn Đất Xanh	2020-09-16T00:00:00Z	10.2	12600	13000	3.1746031746031744	https://finance.vietstock.vn/DXG-ctcp-tap-doan-dat-xanh.htm	+A	Higher	HOSE | Tài chính | Large Cap
DXG	23/11/2007 10:06:00	Công ty Cổ phần Tập đoàn Đất Xanh	2020-09-17T00:00:00Z	10.35	12600	13000	3.1746031746031744	https://finance.vietstock.vn/DXG-ctcp-tap-doan-dat-xanh.htm	+A	Higher	HOSE | Tài chính | Large Cap
DXG	23/11/2007 10:06:00	Công ty Cổ phần Tập đoàn Đất Xanh	2020-09-18T00:00:00Z	10.6	12600	13000	3.1746031746031744	https://finance.vietstock.vn/DXG-ctcp-tap-doan-dat-xanh.htm	+A	Higher	HOSE | Tài chính | Large Cap
DXG	23/11/2007 10:06:00	Công ty Cổ phần Tập đoàn Đất Xanh	2020-09-21T00:00:00Z	10.55	12600	13000	3.1746031746031744	https://finance.vietstock.vn/DXG-ctcp-tap-doan-dat-xanh.htm	+A	Higher	HOSE | Tài chính | Large Cap
DXG	23/11/2007 10:06:00	Công ty Cổ phần Tập đoàn Đất Xanh	2020-09-22T00:00:00Z	10.5	12600	13000	3.1746031746031744	https://finance.vietstock.vn/DXG-ctcp-tap-doan-dat-xanh.htm	+A	Higher	HOSE | Tài chính | Large Cap
DXG	23/11/2007 10:06:00	Công ty Cổ phần Tập đoàn Đất Xanh	2020-09-23T00:00:00Z	10.5	12600	13000	3.1746031746031744	https://finance.vietstock.vn/DXG-ctcp-tap-doan-dat-xanh.htm	+A	Higher	HOSE | Tài chính | Large Cap
DXG	23/11/2007 10:06:00	Công ty Cổ phần Tập đoàn Đất Xanh	2020-09-24T00:00:00Z	10.4	12600	13000	3.1746031746031744	https://finance.vietstock.vn/DXG-ctcp-tap-doan-dat-xanh.htm	+A	Higher	HOSE | Tài chính | Large Cap
DXG	23/11/2007 10:06:00	Công ty Cổ phần Tập đoàn Đất Xanh	2020-09-25T00:00:00Z	10.25	12600	13000	3.1746031746031744	https://finance.vietstock.vn/DXG-ctcp-tap-doan-dat-xanh.htm	+A	Higher	HOSE | Tài chính | Large Cap
DXG	23/11/2007 10:06:00	Công ty Cổ phần Tập đoàn Đất Xanh	2020-09-28T00:00:00Z	10.4	12600	13000	3.1746031746031744	https://finance.vietstock.vn/DXG-ctcp-tap-doan-dat-xanh.htm	+A	Higher	HOSE | Tài chính | Large Cap
DXG	23/11/2007 10:06:00	Công ty Cổ phần Tập đoàn Đất Xanh	2020-09-29T00:00:00Z	10.05	12600	13000	3.1746031746031744	https://finance.vietstock.vn/DXG-ctcp-tap-doan-dat-xanh.htm	+A	Higher	HOSE | Tài chính | Large Cap
DXG	23/11/2007 10:06:00	Công ty Cổ phần Tập đoàn Đất Xanh	2020-09-30T00:00:00Z	10.1	12600	13000	3.1746031746031744	https://finance.vietstock.vn/DXG-ctcp-tap-doan-dat-xanh.htm	+A	Higher	HOSE | Tài chính | Large Cap
DXG	23/11/2007 10:06:00	Công ty Cổ phần Tập đoàn Đất Xanh	2020-10-01T00:00:00Z	10.35	12600	13000	3.1746031746031744	https://finance.vietstock.vn/DXG-ctcp-tap-doan-dat-xanh.htm	+A	Higher	HOSE | Tài chính | Large Cap
DXG	23/11/2007 10:06:00	Công ty Cổ phần Tập đoàn Đất Xanh	2020-10-02T00:00:00Z	10.3	12600	13000	3.1746031746031744	https://finance.vietstock.vn/DXG-ctcp-tap-doan-dat-xanh.htm	+A	Higher	HOSE | Tài chính | Large Cap
DXG	23/11/2007 10:06:00	Công ty Cổ phần Tập đoàn Đất Xanh	2020-10-05T00:00:00Z	11	12600	13000	3.1746031746031744	https://finance.vietstock.vn/DXG-ctcp-tap-doan-dat-xanh.htm	+A	Higher	HOSE | Tài chính | Large Cap
DXG	23/11/2007 10:06:00	Công ty Cổ phần Tập đoàn Đất Xanh	2020-10-06T00:00:00Z	11.4	12600	13000	3.1746031746031744	https://finance.vietstock.vn/DXG-ctcp-tap-doan-dat-xanh.htm	+A	Higher	HOSE | Tài chính | Large Cap
DXG	23/11/2007 10:06:00	Công ty Cổ phần Tập đoàn Đất Xanh	2020-10-07T00:00:00Z	11.4	12600	13000	3.1746031746031744	https://finance.vietstock.vn/DXG-ctcp-tap-doan-dat-xanh.htm	+A	Higher	HOSE | Tài chính | Large Cap
DXG	23/11/2007 10:06:00	Công ty Cổ phần Tập đoàn Đất Xanh	2020-10-08T00:00:00Z	11.15	12600	13000	3.1746031746031744	https://finance.vietstock.vn/DXG-ctcp-tap-doan-dat-xanh.htm	+A	Higher	HOSE | Tài chính | Large Cap
DXG	23/11/2007 10:06:00	Công ty Cổ phần Tập đoàn Đất Xanh	2020-10-09T00:00:00Z	11.2	12600	13000	3.1746031746031744	https://finance.vietstock.vn/DXG-ctcp-tap-doan-dat-xanh.htm	+A	Higher	HOSE | Tài chính | Large Cap
DXG	23/11/2007 10:06:00	Công ty Cổ phần Tập đoàn Đất Xanh	2020-10-12T00:00:00Z	10.85	12600	13000	3.1746031746031744	https://finance.vietstock.vn/DXG-ctcp-tap-doan-dat-xanh.htm	+A	Higher	HOSE | Tài chính | Large Cap
DXG	23/11/2007 10:06:00	Công ty Cổ phần Tập đoàn Đất Xanh	2020-10-13T00:00:00Z	11.05	12600	13000	3.1746031746031744	https://finance.vietstock.vn/DXG-ctcp-tap-doan-dat-xanh.htm	+A	Higher	HOSE | Tài chính | Large Cap
DXG	23/11/2007 10:06:00	Công ty Cổ phần Tập đoàn Đất Xanh	2020-10-14T00:00:00Z	11.1	12600	13000	3.1746031746031744	https://finance.vietstock.vn/DXG-ctcp-tap-doan-dat-xanh.htm	+A	Higher	HOSE | Tài chính | Large Cap
DXG	23/11/2007 10:06:00	Công ty Cổ phần Tập đoàn Đất Xanh	2020-10-15T00:00:00Z	11.15	12600	13000	3.1746031746031744	https://finance.vietstock.vn/DXG-ctcp-tap-doan-dat-xanh.htm	+A	Higher	HOSE | Tài chính | Large Cap
DXG	23/11/2007 10:06:00	Công ty Cổ phần Tập đoàn Đất Xanh	2020-10-16T00:00:00Z	11.9	12600	13000	3.1746031746031744	https://finance.vietstock.vn/DXG-ctcp-tap-doan-dat-xanh.htm	+A	Higher	HOSE | Tài chính | Large Cap
DXG	23/11/2007 10:06:00	Công ty Cổ phần Tập đoàn Đất Xanh	2020-10-19T00:00:00Z	12.2	12600	13000	3.1746031746031744	https://finance.vietstock.vn/DXG-ctcp-tap-doan-dat-xanh.htm	+A	Higher	HOSE | Tài chính | Large Cap
DXG	23/11/2007 10:06:00	Công ty Cổ phần Tập đoàn Đất Xanh	2020-10-20T00:00:00Z	12.25	12600	13000	3.1746031746031744	https://finance.vietstock.vn/DXG-ctcp-tap-doan-dat-xanh.htm	+A	Higher	HOSE | Tài chính | Large Cap
DXG	23/11/2007 10:06:00	Công ty Cổ phần Tập đoàn Đất Xanh	2020-10-21T00:00:00Z	11.8	12600	13000	3.1746031746031744	https://finance.vietstock.vn/DXG-ctcp-tap-doan-dat-xanh.htm	+A	Higher	HOSE | Tài chính | Large Cap
DXG	23/11/2007 10:06:00	Công ty Cổ phần Tập đoàn Đất Xanh	2020-10-22T00:00:00Z	12.2	12600	13000	3.1746031746031744	https://finance.vietstock.vn/DXG-ctcp-tap-doan-dat-xanh.htm	+A	Higher	HOSE | Tài chính | Large Cap
DXG	23/11/2007 10:06:00	Công ty Cổ phần Tập đoàn Đất Xanh	2020-10-23T00:00:00Z	12.1	12600	13000	3.1746031746031744	https://finance.vietstock.vn/DXG-ctcp-tap-doan-dat-xanh.htm	+A	Higher	HOSE | Tài chính | Large Cap
DXG	23/11/2007 10:06:00	Công ty Cổ phần Tập đoàn Đất Xanh	2020-10-26T00:00:00Z	11.8	12600	13000	3.1746031746031744	https://finance.vietstock.vn/DXG-ctcp-tap-doan-dat-xanh.htm	+A	Higher	HOSE | Tài chính | Large Cap
DXG	23/11/2007 10:06:00	Công ty Cổ phần Tập đoàn Đất Xanh	2020-10-27T00:00:00Z	11.7	12600	13000	3.1746031746031744	https://finance.vietstock.vn/DXG-ctcp-tap-doan-dat-xanh.htm	+A	Higher	HOSE | Tài chính | Large Cap
DXG	23/11/2007 10:06:00	Công ty Cổ phần Tập đoàn Đất Xanh	2020-10-28T00:00:00Z	11.4	12600	13000	3.1746031746031744	https://finance.vietstock.vn/DXG-ctcp-tap-doan-dat-xanh.htm	+A	Higher	HOSE | Tài chính | Large Cap
DXG	23/11/2007 10:06:00	Công ty Cổ phần Tập đoàn Đất Xanh	2020-10-29T00:00:00Z	11.4	12600	13000	3.1746031746031744	https://finance.vietstock.vn/DXG-ctcp-tap-doan-dat-xanh.htm	+A	Higher	HOSE | Tài chính | Large Cap
DXG	23/11/2007 10:06:00	Công ty Cổ phần Tập đoàn Đất Xanh	2020-10-30T00:00:00Z	11.5	12600	13000	3.1746031746031744	https://finance.vietstock.vn/DXG-ctcp-tap-doan-dat-xanh.htm	+A	Higher	HOSE | Tài chính | Large Cap
DXG	23/11/2007 10:06:00	Công ty Cổ phần Tập đoàn Đất Xanh	2020-11-02T00:00:00Z	11.75	12600	13000	3.1746031746031744	https://finance.vietstock.vn/DXG-ctcp-tap-doan-dat-xanh.htm	+A	Higher	HOSE | Tài chính | Large Cap
DXG	23/11/2007 10:06:00	Công ty Cổ phần Tập đoàn Đất Xanh	2020-11-03T00:00:00Z	11.8	12600	13000	3.1746031746031744	https://finance.vietstock.vn/DXG-ctcp-tap-doan-dat-xanh.htm	+A	Higher	HOSE | Tài chính | Large Cap
DXG	23/11/2007 10:06:00	Công ty Cổ phần Tập đoàn Đất Xanh	2020-11-04T00:00:00Z	12.35	12600	13000	3.1746031746031744	https://finance.vietstock.vn/DXG-ctcp-tap-doan-dat-xanh.htm	+A	Higher	HOSE | Tài chính | Large Cap
DXG	23/11/2007 10:06:00	Công ty Cổ phần Tập đoàn Đất Xanh	2020-11-05T00:00:00Z	12.25	12600	13000	3.1746031746031744	https://finance.vietstock.vn/DXG-ctcp-tap-doan-dat-xanh.htm	+A	Higher	HOSE | Tài chính | Large Cap
DXG	23/11/2007 10:06:00	Công ty Cổ phần Tập đoàn Đất Xanh	2020-11-06T00:00:00Z	12.6	12600	13000	3.1746031746031744	https://finance.vietstock.vn/DXG-ctcp-tap-doan-dat-xanh.htm	+A	Higher	HOSE | Tài chính | Large Cap
DXG	23/11/2007 10:06:00	Công ty Cổ phần Tập đoàn Đất Xanh	2020-11-09T00:00:00Z	12.9	12600	13000	3.1746031746031744	https://finance.vietstock.vn/DXG-ctcp-tap-doan-dat-xanh.htm	+A	Higher	HOSE | Tài chính | Large Cap
DXG	23/11/2007 10:06:00	Công ty Cổ phần Tập đoàn Đất Xanh	2020-11-10T00:00:00Z	12.75	12600	13000	3.1746031746031744	https://finance.vietstock.vn/DXG-ctcp-tap-doan-dat-xanh.htm	+A	Higher	HOSE | Tài chính | Large Cap
